region;ejecutivo;distr;venta_prom
PACIFICO;Ejecutivo PACIFICO;DISTRIJASS TULUA;1016389
CUNDINAMARCA;Ejecutivo CUNDINAMARCA;SURTILIDER;695534
CUNDINAMARCA;Ejecutivo CUNDINAMARCA;CCENECA COMERCIAL SAS;524271
COSTA 1;Ejecutivo COSTA 1;DISTRIABASTOS;2737020
ANTIOQUIA;Ejecutivo ANTIOQUIA;MAXTIENDAS TAT CAUCASIA;904512
COSTA 1;Ejecutivo COSTA 1;GRUPO LITORAL;786999
COSTA 1;Ejecutivo COSTA 1;GRUPO LITORAL;1000978
CUNDINAMARCA;Ejecutivo CUNDINAMARCA;SURTILIDER;62871
ORIENTE;Ejecutivo ORIENTE;PASTOR JULIO DELGADO BUCARAMANGA;10153922
COSTA 1;Ejecutivo COSTA 1;DELTA BARRANQUILLA;3474519
CUNDINAMARCA;Ejecutivo CUNDINAMARCA;SURTILIDER;651019
CUNDINAMARCA;Ejecutivo CUNDINAMARCA;ZULUAGA Y SOTO;2212809
COSTA 2;Ejecutivo COSTA 2;SAN ISIDRO SANTA MARTA;4307261
ANTIOQUIA;Ejecutivo ANTIOQUIA;ZONA 2;5752707
ANTIOQUIA;Ejecutivo ANTIOQUIA;SURTIVENTAS;2193176
CUNDINAMARCA;Ejecutivo CUNDINAMARCA;CCENECA COMERCIAL SAS;237894
CENTRO;Ejecutivo CENTRO;COMERCIAL FENIX S.A.S;1560664
COSTA 1;Ejecutivo COSTA 1;DELTA BARRANQUILLA;3477239
PACIFICO;Ejecutivo PACIFICO;DISTRIJAS CALI;2064241
ANTIOQUIA;Ejecutivo ANTIOQUIA;ZONA 2;6813227
EJE CAFETERO;Ejecutivo EJE CAFETERO;DISTRIJAS EJE;15488
COSTA 2;Ejecutivo COSTA 2;DISAM VALLEDUPAR;5190827
ANTIOQUIA;Ejecutivo ANTIOQUIA;SURTIVENTAS;1804662
LLANOS;Ejecutivo LLANOS;LA NIEVE VILLAVICENCIO;1352763
COSTA 1;Ejecutivo COSTA 1;DELTA BARRANQUILLA;5859419
ORIENTE;Ejecutivo ORIENTE;PASTOR JULIO DELGADO CUCUTA;817730
PACIFICO;Ejecutivo PACIFICO;DULCES Y DULCES;467023
COSTA 2;Ejecutivo COSTA 2;DISAM SANTA MARTA;4124092
CUNDINAMARCA;Ejecutivo CUNDINAMARCA;CCENECA COMERCIAL SAS;530816
COSTA 2;Ejecutivo COSTA 2;DISAM SANTA MARTA;3597617
COSTA 1;Ejecutivo COSTA 1;GRUPO LITORAL;1245397
EJE CAFETERO;Ejecutivo EJE CAFETERO;MULTIVENTAS EJE;8164836
LLANOS;Ejecutivo LLANOS;LA NIEVE YOPAL;241830
ANTIOQUIA;Ejecutivo ANTIOQUIA;EPA;7669055
ORIENTE;Ejecutivo ORIENTE;DISAM BARRANCABERMEJA;1091372
EJE CAFETERO;Ejecutivo EJE CAFETERO;DISTRIJAS EJE;17900
COSTA 1;Ejecutivo COSTA 1;DELTA CARTAGENA;3887177
ANTIOQUIA;Ejecutivo ANTIOQUIA;MARCAS Y DISTRIBUCIONES SAS;2200676
LLANOS;Ejecutivo LLANOS;LA NIEVE DUITAMA;83098
COSTA 2;Ejecutivo COSTA 2;DISAM SANTA MARTA;2537563
ANTIOQUIA;Ejecutivo ANTIOQUIA;SURTIVENTAS;179013
ORIENTE;Ejecutivo ORIENTE;PASTOR JULIO DELGADO BUCARAMANGA;2247084
CUNDINAMARCA;Ejecutivo CUNDINAMARCA;CCENECA COMERCIAL SAS;172889
ORIENTE;Ejecutivo ORIENTE;PASTOR JULIO DELGADO BUCARAMANGA;1062350
PACIFICO;Ejecutivo PACIFICO;DISTRIYA LTDA;167556
CUNDINAMARCA;Ejecutivo CUNDINAMARCA;ZULUAGA Y SOTO;1561945
ORIENTE;Ejecutivo ORIENTE;DISAM BUCARAMANGA;1162593
PACIFICO;Ejecutivo PACIFICO;DISTRIYA LTDA;232003
COSTA 1;Ejecutivo COSTA 1;DELTA BARRANQUILLA;3735440
CUNDINAMARCA;Ejecutivo CUNDINAMARCA;SURTILIDER;585857
CUNDINAMARCA;Ejecutivo CUNDINAMARCA;SURTILIDER;618978
ORIENTE;Ejecutivo ORIENTE;DISAM BUCARAMANGA;1966538
CUNDINAMARCA;Ejecutivo CUNDINAMARCA;ZULUAGA Y SOTO;6398484
COSTA 1;Ejecutivo COSTA 1;DELTA BARRANQUILLA;3032082
PACIFICO;Ejecutivo PACIFICO;DISTRIJAS CALI;803434
CUNDINAMARCA;Ejecutivo CUNDINAMARCA;CCENECA COMERCIAL SAS;140065
COSTA 2;Ejecutivo COSTA 2;DISAM SANTA MARTA;9038371
CENTRO;Ejecutivo CENTRO;CIA DE DSIERRA SAS HUILA;6548920
CUNDINAMARCA;Ejecutivo CUNDINAMARCA;ZULUAGA Y SOTO;6852
PACIFICO;Ejecutivo PACIFICO;DISTRIJAS CALI;471975
CUNDINAMARCA;Ejecutivo CUNDINAMARCA;SURTILIDER;565030
CUNDINAMARCA;Ejecutivo CUNDINAMARCA;SURTILIDER;1292088
CENTRO;Ejecutivo CENTRO;COMERCIAL FENIX S.A.S;763447
PACIFICO;Ejecutivo PACIFICO;DISTRIYA LTDA;141443
CUNDINAMARCA;Ejecutivo CUNDINAMARCA;CCENECA COMERCIAL SAS;629413
EJE CAFETERO;Ejecutivo EJE CAFETERO;SURTIALIADOS QUINDIO;563773
COSTA 1;Ejecutivo COSTA 1;DELTA CARTAGENA;2545358
EJE CAFETERO;Ejecutivo EJE CAFETERO;CG ANDINA S.A.S;547404
ANTIOQUIA;Ejecutivo ANTIOQUIA;SERDISTAT S.A.S;1657776
CUNDINAMARCA;Ejecutivo CUNDINAMARCA;CCENECA COMERCIAL SAS;551156
CUNDINAMARCA;Ejecutivo CUNDINAMARCA;SURTILIDER;1810316
CUNDINAMARCA;Ejecutivo CUNDINAMARCA;SURTILIDER;813511
PACIFICO;Ejecutivo PACIFICO;DISTRIJAS CALI;3910268
ORIENTE;Ejecutivo ORIENTE;DISAM BARRANCABERMEJA;742576
PACIFICO;Ejecutivo PACIFICO;MULTIVENTAS CALI;129510
EJE CAFETERO;Ejecutivo EJE CAFETERO;BARACALDO;45980
EJE CAFETERO;Ejecutivo EJE CAFETERO;DISTRIJAS EJE;1417030
PACIFICO;Ejecutivo PACIFICO;DISTRIYA LTDA;818518
PACIFICO;Ejecutivo PACIFICO;DISTRIJAS CALI;808074
CUNDINAMARCA;Ejecutivo CUNDINAMARCA;ZULUAGA Y SOTO;1784832
PACIFICO;Ejecutivo PACIFICO;DISTRIJAS CALI;1897516
CENTRO;Ejecutivo CENTRO;CIA DE DSIERRA SAS HUILA;1593217
ANTIOQUIA;Ejecutivo ANTIOQUIA;COMERC EPA S A S (APARTADO);14819321
PACIFICO;Ejecutivo PACIFICO;DISTRIJAS CALI;668269
CUNDINAMARCA;Ejecutivo CUNDINAMARCA;SURTILIDER;873719
CUNDINAMARCA;Ejecutivo CUNDINAMARCA;SURTILIDER;350565
LLANOS;Ejecutivo LLANOS;LA NIEVE VILLAVICENCIO;157224
ANTIOQUIA;Ejecutivo ANTIOQUIA;SERDISTAT S.A.S;100265
CUNDINAMARCA;Ejecutivo CUNDINAMARCA;ZULUAGA Y SOTO;25247
CUNDINAMARCA;Ejecutivo CUNDINAMARCA;ZULUAGA Y SOTO;7359
PACIFICO;Ejecutivo PACIFICO;DULCES Y DULCES;1668109
COSTA 2;Ejecutivo COSTA 2;SAN ISIDRO GUAJIRA;2598728
LLANOS;Ejecutivo LLANOS;LA NIEVE DUITAMA;89178
ANTIOQUIA;Ejecutivo ANTIOQUIA;MAXTIENDAS TAT SANTA ROSA;1014775
CENTRO;Ejecutivo CENTRO;CIA DE DSIERRA SAS TOLIMA;563812
ORIENTE;Ejecutivo ORIENTE;PASTOR JULIO DELGADO BUCARAMANGA;2115418
PACIFICO;Ejecutivo PACIFICO;DULCES Y DULCES;782143
PACIFICO;Ejecutivo PACIFICO;DISTRIYA LTDA;452650
ANTIOQUIA;Ejecutivo ANTIOQUIA;COMERC EPA S A S (APARTADO);4752323
CUNDINAMARCA;Ejecutivo CUNDINAMARCA;CCENECA COMERCIAL SAS;383285
EJE CAFETERO;Ejecutivo EJE CAFETERO;BARACALDO;3211499
ORIENTE;Ejecutivo ORIENTE;PASTOR JULIO DELGADO BUCARAMANGA;24560
ANTIOQUIA;Ejecutivo ANTIOQUIA;SURTIVENTAS;786425
COSTA 2;Ejecutivo COSTA 2;DISAM VALLEDUPAR;2235747
COSTA 1;Ejecutivo COSTA 1;DISTRIBUIDORA CORRALITO DE PIEDRA S;3648938
CUNDINAMARCA;Ejecutivo CUNDINAMARCA;SURTILIDER;699441
ANTIOQUIA;Ejecutivo ANTIOQUIA;SURTIVENTAS;603912
CENTRO;Ejecutivo CENTRO;CIA DE DSIERRA SAS TOLIMA;316002
EJE CAFETERO;Ejecutivo EJE CAFETERO;DISTRIJAS EJE;10330
LLANOS;Ejecutivo LLANOS;LA NIEVE VILLAVICENCIO;785597
ORIENTE;Ejecutivo ORIENTE;DISAM BARRANCABERMEJA;981733
LLANOS;Ejecutivo LLANOS;LA NIEVE DUITAMA;268763
EJE CAFETERO;Ejecutivo EJE CAFETERO;BARACALDO;2371806
COSTA 1;Ejecutivo COSTA 1;DISTRIABASTOS;4819142
COSTA 1;Ejecutivo COSTA 1;DISTRIBUIDORA CORRALITO DE PIEDRA S;4280909
ANTIOQUIA;Ejecutivo ANTIOQUIA;ZONA 2;12728747
ANTIOQUIA;Ejecutivo ANTIOQUIA;MAXTIENDAS TAT CAUCASIA;1224018
COSTA 2;Ejecutivo COSTA 2;DISAM GUAJIRA;2696056
COSTA 1;Ejecutivo COSTA 1;DELTA BARRANQUILLA;5917914
EJE CAFETERO;Ejecutivo EJE CAFETERO;SURTIALIADOS;14782727
ANTIOQUIA;Ejecutivo ANTIOQUIA;COMERC EPA S A S (APARTADO);5232264
PACIFICO;Ejecutivo PACIFICO;DISTRIJASS POPAYAN;800973
PACIFICO;Ejecutivo PACIFICO;DISTRIYA LTDA;759508
ORIENTE;Ejecutivo ORIENTE;PASTOR JULIO DELGADO CUCUTA;737459
ANTIOQUIA;Ejecutivo ANTIOQUIA;SURTIVENTAS;1170816
EJE CAFETERO;Ejecutivo EJE CAFETERO;DISTRIJAS EJE;1001557
COSTA 1;Ejecutivo COSTA 1;DELTA BARRANQUILLA;4489618
CUNDINAMARCA;Ejecutivo CUNDINAMARCA;SURTILIDER;986080
EJE CAFETERO;Ejecutivo EJE CAFETERO;SURTIALIADOS QUINDIO;1572349
ANTIOQUIA;Ejecutivo ANTIOQUIA;SERDISTAT S.A.S;2064532
EJE CAFETERO;Ejecutivo EJE CAFETERO;BARACALDO;3012703
ANTIOQUIA;Ejecutivo ANTIOQUIA;ZONA 2;9304402
ANTIOQUIA;Ejecutivo ANTIOQUIA;SURTIVENTAS;678302
COSTA 1;Ejecutivo COSTA 1;DELTA CARTAGENA;3667866
CUNDINAMARCA;Ejecutivo CUNDINAMARCA;SURTILIDER;113010
CUNDINAMARCA;Ejecutivo CUNDINAMARCA;SURTILIDER;1154495
COSTA 1;Ejecutivo COSTA 1;DISTRIBUIDORA CORRALITO DE PIEDRA S;2192090
ANTIOQUIA;Ejecutivo ANTIOQUIA;MARCAS Y DISTRIBUCIONES SAS;1883538
CUNDINAMARCA;Ejecutivo CUNDINAMARCA;ZULUAGA Y SOTO;8835941
ANTIOQUIA;Ejecutivo ANTIOQUIA;SERDISTAT S.A.S;1270799
ANTIOQUIA;Ejecutivo ANTIOQUIA;SURTIVENTAS;7748450
EJE CAFETERO;Ejecutivo EJE CAFETERO;SURTIALIADOS;4925992
CUNDINAMARCA;Ejecutivo CUNDINAMARCA;CCENECA COMERCIAL SAS;173869
PACIFICO;Ejecutivo PACIFICO;GUSTAVO MUNOZ;13991180
CUNDINAMARCA;Ejecutivo CUNDINAMARCA;ZULUAGA Y SOTO;1749259
ANTIOQUIA;Ejecutivo ANTIOQUIA;SURTIVENTAS;133655
PACIFICO;Ejecutivo PACIFICO;GUSTAVO MUNOZ;7688515
PACIFICO;Ejecutivo PACIFICO;DULCES Y DULCES;1008075
COSTA 2;Ejecutivo COSTA 2;SAN ISIDRO GUAJIRA;7744773
COSTA 1;Ejecutivo COSTA 1;GRUPO LITORAL;101784
PACIFICO;Ejecutivo PACIFICO;DISTRIJAS CALI;2076426
EJE CAFETERO;Ejecutivo EJE CAFETERO;CG ANDINA S.A.S;1297515
COSTA 2;Ejecutivo COSTA 2;DISAM SANTA MARTA;4356073
CENTRO;Ejecutivo CENTRO;COMERCIAL FENIX S.A.S;16345
CUNDINAMARCA;Ejecutivo CUNDINAMARCA;SURTILIDER;777718
ORIENTE;Ejecutivo ORIENTE;PASTOR JULIO DELGADO BUCARAMANGA;1325732
LLANOS;Ejecutivo LLANOS;LA NIEVE YOPAL;82505
PACIFICO;Ejecutivo PACIFICO;MULTIVENTAS CALI;1355444
ORIENTE;Ejecutivo ORIENTE;PASTOR JULIO DELGADO BUCARAMANGA;925581
ANTIOQUIA;Ejecutivo ANTIOQUIA;MARCAS Y DISTRIBUCIONES SAS;2971502
EJE CAFETERO;Ejecutivo EJE CAFETERO;SURTIALIADOS QUINDIO;1857913
ANTIOQUIA;Ejecutivo ANTIOQUIA;ZONA 2;8367133
ORIENTE;Ejecutivo ORIENTE;PASTOR JULIO DELGADO BUCARAMANGA;915416
COSTA 1;Ejecutivo COSTA 1;GRUPO LITORAL;223533
PACIFICO;Ejecutivo PACIFICO;CIA DE DSIERRA S A S VALLE;1175793
COSTA 2;Ejecutivo COSTA 2;DISAM GUAJIRA;7161761
PACIFICO;Ejecutivo PACIFICO;DISTRIYA LTDA;781025
CENTRO;Ejecutivo CENTRO;COMERCIAL FENIX S.A.S;341548
ORIENTE;Ejecutivo ORIENTE;PASTOR JULIO DELGADO BUCARAMANGA;2063245
CUNDINAMARCA;Ejecutivo CUNDINAMARCA;CCENECA COMERCIAL SAS;98948
CUNDINAMARCA;Ejecutivo CUNDINAMARCA;SURTILIDER;1108907
COSTA 1;Ejecutivo COSTA 1;DELTA BARRANQUILLA;7802208
COSTA 1;Ejecutivo COSTA 1;DISTRIABASTOS;1513111
ORIENTE;Ejecutivo ORIENTE;DISAM BARRANCABERMEJA;733311
ANTIOQUIA;Ejecutivo ANTIOQUIA;MAXTIENDAS TAT SANTA ROSA;1067685
PACIFICO;Ejecutivo PACIFICO;DISTRIJAS CALI;2819136
CENTRO;Ejecutivo CENTRO;CIA DE DSIERRA SAS TOLIMA;2420505
PACIFICO;Ejecutivo PACIFICO;DULCES Y DULCES;2341595
COSTA 2;Ejecutivo COSTA 2;SANTANA;13882854
ANTIOQUIA;Ejecutivo ANTIOQUIA;MARCAS Y DISTRIBUCIONES SAS;2327471
ANTIOQUIA;Ejecutivo ANTIOQUIA;SERDISTAT S.A.S;662173
ANTIOQUIA;Ejecutivo ANTIOQUIA;MAXTIENDAS TAT SANTA ROSA;42762
PACIFICO;Ejecutivo PACIFICO;DISTRIJAS CALI;1608071
COSTA 1;Ejecutivo COSTA 1;DELTA BARRANQUILLA;3727505
COSTA 1;Ejecutivo COSTA 1;DISTRIBUIDORA CORRALITO DE PIEDRA S;1381282
LLANOS;Ejecutivo LLANOS;LA NIEVE VILLAVICENCIO;1677929
CUNDINAMARCA;Ejecutivo CUNDINAMARCA;SURTILIDER;1366109
CUNDINAMARCA;Ejecutivo CUNDINAMARCA;CCENECA COMERCIAL SAS;645281
EJE CAFETERO;Ejecutivo EJE CAFETERO;BARACALDO;2714349
EJE CAFETERO;Ejecutivo EJE CAFETERO;DISTRIJAS EJE;287931
CUNDINAMARCA;Ejecutivo CUNDINAMARCA;CCENECA COMERCIAL SAS;513390
CENTRO;Ejecutivo CENTRO;COMERCIAL FENIX S.A.S;572612
ORIENTE;Ejecutivo ORIENTE;PASTOR JULIO DELGADO CUCUTA;282243
LLANOS;Ejecutivo LLANOS;LA NIEVE VILLAVICENCIO;462654
ANTIOQUIA;Ejecutivo ANTIOQUIA;MARCAS Y DISTRIBUCIONES SAS;2237942
CENTRO;Ejecutivo CENTRO;CIA DE DSIERRA SAS HUILA;389829
CUNDINAMARCA;Ejecutivo CUNDINAMARCA;SURTILIDER;861985
COSTA 1;Ejecutivo COSTA 1;DISTRIABASTOS;2892535
LLANOS;Ejecutivo LLANOS;LA NIEVE VILLAVICENCIO;1863603
ANTIOQUIA;Ejecutivo ANTIOQUIA;SURTIVENTAS;2310940
CUNDINAMARCA;Ejecutivo CUNDINAMARCA;ZULUAGA Y SOTO;2956522
ANTIOQUIA;Ejecutivo ANTIOQUIA;SURTIVENTAS;547059
CUNDINAMARCA;Ejecutivo CUNDINAMARCA;SURTILIDER;665224
COSTA 1;Ejecutivo COSTA 1;DELTA CARTAGENA;5704133
ANTIOQUIA;Ejecutivo ANTIOQUIA;MARCAS Y DISTRIBUCIONES SAS;3433327
CUNDINAMARCA;Ejecutivo CUNDINAMARCA;ZULUAGA Y SOTO;7964491
PACIFICO;Ejecutivo PACIFICO;DISTRIYA LTDA;461080
COSTA 1;Ejecutivo COSTA 1;DISTRIABASTOS;1329215
CUNDINAMARCA;Ejecutivo CUNDINAMARCA;CCENECA COMERCIAL SAS;681751
CUNDINAMARCA;Ejecutivo CUNDINAMARCA;ZULUAGA Y SOTO;2374139
ANTIOQUIA;Ejecutivo ANTIOQUIA;ZONA 2;6119609
COSTA 2;Ejecutivo COSTA 2;DISAM SANTA MARTA;3469808
COSTA 2;Ejecutivo COSTA 2;DISAM VALLEDUPAR;1262469
COSTA 2;Ejecutivo COSTA 2;DISAM VALLEDUPAR;1160500
COSTA 1;Ejecutivo COSTA 1;DELTA CARTAGENA;2589827
ANTIOQUIA;Ejecutivo ANTIOQUIA;MARCAS Y DISTRIBUCIONES SAS;2010450
CUNDINAMARCA;Ejecutivo CUNDINAMARCA;SURTILIDER;742348
PACIFICO;Ejecutivo PACIFICO;GUSTAVO MUNOZ;1211093
CUNDINAMARCA;Ejecutivo CUNDINAMARCA;CCENECA COMERCIAL SAS;451226
ANTIOQUIA;Ejecutivo ANTIOQUIA;SERDISTAT S.A.S;541463
EJE CAFETERO;Ejecutivo EJE CAFETERO;DISTRIJAS EJE;7387678
CUNDINAMARCA;Ejecutivo CUNDINAMARCA;CCENECA COMERCIAL SAS;353357
PACIFICO;Ejecutivo PACIFICO;DISTRIJAS CALI;1152559
PACIFICO;Ejecutivo PACIFICO;DISTRIJAS CALI;1097076
EJE CAFETERO;Ejecutivo EJE CAFETERO;SURTIALIADOS;1169239
PACIFICO;Ejecutivo PACIFICO;GUSTAVO MUNOZ;10793855
PACIFICO;Ejecutivo PACIFICO;DISTRIJAS CALI;1148277
PACIFICO;Ejecutivo PACIFICO;DISTRIYA LTDA;214019
COSTA 1;Ejecutivo COSTA 1;DISTRIABASTOS;33302
COSTA 1;Ejecutivo COSTA 1;GRUPO LITORAL;1826848
ORIENTE;Ejecutivo ORIENTE;PASTOR JULIO DELGADO BUCARAMANGA;1753565
ANTIOQUIA;Ejecutivo ANTIOQUIA;EPA;5574044
ANTIOQUIA;Ejecutivo ANTIOQUIA;SERDISTAT S.A.S;1276501
COSTA 2;Ejecutivo COSTA 2;SAN ISIDRO SANTA MARTA;3345044
PACIFICO;Ejecutivo PACIFICO;DULCES Y DULCES;205350
ANTIOQUIA;Ejecutivo ANTIOQUIA;SURTIVENTAS;2115729
PACIFICO;Ejecutivo PACIFICO;DISTRIYA LTDA;451425
CUNDINAMARCA;Ejecutivo CUNDINAMARCA;CCENECA COMERCIAL SAS;780239
EJE CAFETERO;Ejecutivo EJE CAFETERO;SURTIALIADOS;1274156
PACIFICO;Ejecutivo PACIFICO;DISTRIJASS POPAYAN;1030130
EJE CAFETERO;Ejecutivo EJE CAFETERO;SURTIALIADOS;4072565
COSTA 2;Ejecutivo COSTA 2;SAN ISIDRO SANTA MARTA;4151134
PACIFICO;Ejecutivo PACIFICO;DISTRIYA LTDA;1252509
ANTIOQUIA;Ejecutivo ANTIOQUIA;SURTIVENTAS;3095511
EJE CAFETERO;Ejecutivo EJE CAFETERO;DISTRIJAS EJE;1205869
PACIFICO;Ejecutivo PACIFICO;DISTRIYA LTDA;606307
ANTIOQUIA;Ejecutivo ANTIOQUIA;SERDISTAT S.A.S;834059
ORIENTE;Ejecutivo ORIENTE;DISAM BARRANCABERMEJA;794110
CUNDINAMARCA;Ejecutivo CUNDINAMARCA;CCENECA COMERCIAL SAS;4417389
PACIFICO;Ejecutivo PACIFICO;GUSTAVO MUNOZ;1793471
CUNDINAMARCA;Ejecutivo CUNDINAMARCA;SURTILIDER;470062
CUNDINAMARCA;Ejecutivo CUNDINAMARCA;SURTILIDER;336301
COSTA 2;Ejecutivo COSTA 2;SAN ISIDRO SANTA MARTA;4070488
ANTIOQUIA;Ejecutivo ANTIOQUIA;SERDISTAT S.A.S;1987086
PACIFICO;Ejecutivo PACIFICO;CIA DE DSIERRA S A S VALLE;34510
EJE CAFETERO;Ejecutivo EJE CAFETERO;SURTIALIADOS QUINDIO;58116983
PACIFICO;Ejecutivo PACIFICO;DISTRIJAS CALI;1220965
ANTIOQUIA;Ejecutivo ANTIOQUIA;DISTRIYOL;2917939
CUNDINAMARCA;Ejecutivo CUNDINAMARCA;ZULUAGA Y SOTO;1475213
COSTA 1;Ejecutivo COSTA 1;DELTA BARRANQUILLA;6294738
COSTA 2;Ejecutivo COSTA 2;DISAM VALLEDUPAR;2521775
COSTA 2;Ejecutivo COSTA 2;DISAM GUAJIRA;5873195
EJE CAFETERO;Ejecutivo EJE CAFETERO;SURTIALIADOS;5008022
CENTRO;Ejecutivo CENTRO;COMERCIAL FENIX S.A.S;2171855
ANTIOQUIA;Ejecutivo ANTIOQUIA;ZONA 2;5745666
COSTA 2;Ejecutivo COSTA 2;DISAM SANTA MARTA;1189146
COSTA 2;Ejecutivo COSTA 2;DISAM VALLEDUPAR;1381054
ANTIOQUIA;Ejecutivo ANTIOQUIA;SURTIVENTAS;982829
ORIENTE;Ejecutivo ORIENTE;PASTOR JULIO DELGADO CUCUTA;132106
LLANOS;Ejecutivo LLANOS;LA NIEVE DUITAMA;43667
ANTIOQUIA;Ejecutivo ANTIOQUIA;SURTIVENTAS;1170768
CUNDINAMARCA;Ejecutivo CUNDINAMARCA;SURTILIDER;856827
PACIFICO;Ejecutivo PACIFICO;DISTRIJAS CALI;1490063
CENTRO;Ejecutivo CENTRO;CIA DE DSIERRA SAS HUILA;111001
ANTIOQUIA;Ejecutivo ANTIOQUIA;SERDISTAT S.A.S;227420
PACIFICO;Ejecutivo PACIFICO;DISTRIYA LTDA;123479
PACIFICO;Ejecutivo PACIFICO;DISTRIYA LTDA;390532
PACIFICO;Ejecutivo PACIFICO;DISTRIJASS TULUA;457338
PACIFICO;Ejecutivo PACIFICO;DULCES Y DULCES;56350
CUNDINAMARCA;Ejecutivo CUNDINAMARCA;CCENECA COMERCIAL SAS;270093
CUNDINAMARCA;Ejecutivo CUNDINAMARCA;CCENECA COMERCIAL SAS;163535
CUNDINAMARCA;Ejecutivo CUNDINAMARCA;SURTILIDER;993362
ANTIOQUIA;Ejecutivo ANTIOQUIA;MARCAS Y DISTRIBUCIONES SAS;2053415
PACIFICO;Ejecutivo PACIFICO;GUSTAVO MUNOZ;1301731
CUNDINAMARCA;Ejecutivo CUNDINAMARCA;ZULUAGA Y SOTO;1623259
EJE CAFETERO;Ejecutivo EJE CAFETERO;SURTIALIADOS QUINDIO;1895110
CUNDINAMARCA;Ejecutivo CUNDINAMARCA;ZULUAGA Y SOTO;945058
ANTIOQUIA;Ejecutivo ANTIOQUIA;MARCAS Y DISTRIBUCIONES SAS;2749576
ANTIOQUIA;Ejecutivo ANTIOQUIA;ZONA 2;8643353
ANTIOQUIA;Ejecutivo ANTIOQUIA;MAXTIENDAS TAT SANTA ROSA;3982448
LLANOS;Ejecutivo LLANOS;LA NIEVE DUITAMA;89630
COSTA 2;Ejecutivo COSTA 2;SAN ISIDRO SANTA MARTA;4724066
EJE CAFETERO;Ejecutivo EJE CAFETERO;DISTRIJAS EJE;530218
ANTIOQUIA;Ejecutivo ANTIOQUIA;SURTIVENTAS;1901116
ANTIOQUIA;Ejecutivo ANTIOQUIA;SURTIVENTAS;2584426
CUNDINAMARCA;Ejecutivo CUNDINAMARCA;CCENECA COMERCIAL SAS;854733
PACIFICO;Ejecutivo PACIFICO;DULCES Y DULCES;3275598
CUNDINAMARCA;Ejecutivo CUNDINAMARCA;SURTILIDER;1139332
ORIENTE;Ejecutivo ORIENTE;PASTOR JULIO DELGADO BUCARAMANGA;11453302
ANTIOQUIA;Ejecutivo ANTIOQUIA;SERDISTAT S.A.S;1577929
COSTA 1;Ejecutivo COSTA 1;DELTA CARTAGENA;4557376
PACIFICO;Ejecutivo PACIFICO;DISTRIJAS CALI;111019
PACIFICO;Ejecutivo PACIFICO;DULCES Y DULCES;1951147
PACIFICO;Ejecutivo PACIFICO;GUSTAVO MUNOZ;4009146
PACIFICO;Ejecutivo PACIFICO;CIA DE DSIERRA S A S VALLE;619802
COSTA 1;Ejecutivo COSTA 1;GRUPO LITORAL;122788
EJE CAFETERO;Ejecutivo EJE CAFETERO;DISTRIJAS EJE;1432986
ANTIOQUIA;Ejecutivo ANTIOQUIA;ZONA 2;6812682
ANTIOQUIA;Ejecutivo ANTIOQUIA;SURTIVENTAS;127262
CENTRO;Ejecutivo CENTRO;COMERCIAL FENIX S.A.S;136556
ORIENTE;Ejecutivo ORIENTE;DISAM BARRANCABERMEJA;1929619
CUNDINAMARCA;Ejecutivo CUNDINAMARCA;CCENECA COMERCIAL SAS;415566
ANTIOQUIA;Ejecutivo ANTIOQUIA;SERDISTAT S.A.S;1753153
LLANOS;Ejecutivo LLANOS;LA NIEVE DUITAMA;108089
ORIENTE;Ejecutivo ORIENTE;DISAM BARRANCABERMEJA;1407875
PACIFICO;Ejecutivo PACIFICO;MULTIVENTAS CALI;19860430
CENTRO;Ejecutivo CENTRO;CIA DE DSIERRA SAS TOLIMA;9523524
COSTA 2;Ejecutivo COSTA 2;SAN ISIDRO SANTA MARTA;4385004
EJE CAFETERO;Ejecutivo EJE CAFETERO;DISTRIJAS EJE;1196772
PACIFICO;Ejecutivo PACIFICO;DULCES Y DULCES;287180
ANTIOQUIA;Ejecutivo ANTIOQUIA;SURTIVENTAS;1383503
ANTIOQUIA;Ejecutivo ANTIOQUIA;MARCAS Y DISTRIBUCIONES SAS;3314245
PACIFICO;Ejecutivo PACIFICO;DISTRIYA LTDA;163335
COSTA 2;Ejecutivo COSTA 2;DISAM GUAJIRA;2772996
COSTA 1;Ejecutivo COSTA 1;GRUPO LITORAL;2350373
CUNDINAMARCA;Ejecutivo CUNDINAMARCA;SURTILIDER;1170581
EJE CAFETERO;Ejecutivo EJE CAFETERO;BARACALDO;2599538
PACIFICO;Ejecutivo PACIFICO;DULCES Y DULCES;7461405
PACIFICO;Ejecutivo PACIFICO;DULCES Y DULCES;779321
CENTRO;Ejecutivo CENTRO;CIA DE DSIERRA SAS TOLIMA;2125182
PACIFICO;Ejecutivo PACIFICO;DISTRIYA LTDA;396722
COSTA 2;Ejecutivo COSTA 2;SAN ISIDRO SANTA MARTA;3582766
COSTA 2;Ejecutivo COSTA 2;DISAM VALLEDUPAR;2000646
CUNDINAMARCA;Ejecutivo CUNDINAMARCA;SURTILIDER;87945
CUNDINAMARCA;Ejecutivo CUNDINAMARCA;SURTILIDER;1303626
ANTIOQUIA;Ejecutivo ANTIOQUIA;DISTRIYOL;1934723
ANTIOQUIA;Ejecutivo ANTIOQUIA;ZONA 2;5644847
ANTIOQUIA;Ejecutivo ANTIOQUIA;ZONA 2;9588031
EJE CAFETERO;Ejecutivo EJE CAFETERO;CG ANDINA S.A.S;881549
ANTIOQUIA;Ejecutivo ANTIOQUIA;COMERC EPA S A S (APARTADO);8483981
ANTIOQUIA;Ejecutivo ANTIOQUIA;EPA;4914662
CUNDINAMARCA;Ejecutivo CUNDINAMARCA;SURTILIDER;1416306
ANTIOQUIA;Ejecutivo ANTIOQUIA;MARCAS Y DISTRIBUCIONES SAS;2894492
COSTA 2;Ejecutivo COSTA 2;DISAM VALLEDUPAR;1592930
CUNDINAMARCA;Ejecutivo CUNDINAMARCA;CCENECA COMERCIAL SAS;712129
CUNDINAMARCA;Ejecutivo CUNDINAMARCA;CCENECA COMERCIAL SAS;420746
COSTA 2;Ejecutivo COSTA 2;SANTANA;20206764
ORIENTE;Ejecutivo ORIENTE;PASTOR JULIO DELGADO CUCUTA;1103878
PACIFICO;Ejecutivo PACIFICO;DISTRIJAS CALI;1414331
PACIFICO;Ejecutivo PACIFICO;DISTRIYA LTDA;245593
ANTIOQUIA;Ejecutivo ANTIOQUIA;EPA;6497112
LLANOS;Ejecutivo LLANOS;LA NIEVE YOPAL;6083
ORIENTE;Ejecutivo ORIENTE;DISAM BUCARAMANGA;1140318
CUNDINAMARCA;Ejecutivo CUNDINAMARCA;SURTILIDER;770012
PACIFICO;Ejecutivo PACIFICO;DISTRIJASS POPAYAN;1056188
CUNDINAMARCA;Ejecutivo CUNDINAMARCA;ZULUAGA Y SOTO;1898644
COSTA 1;Ejecutivo COSTA 1;GRUPO LITORAL;658083
EJE CAFETERO;Ejecutivo EJE CAFETERO;CG ANDINA S.A.S;1449461
CUNDINAMARCA;Ejecutivo CUNDINAMARCA;SURTILIDER;783064
CUNDINAMARCA;Ejecutivo CUNDINAMARCA;CCENECA COMERCIAL SAS;620314
COSTA 1;Ejecutivo COSTA 1;DISTRIABASTOS;391049
PACIFICO;Ejecutivo PACIFICO;DISTRIYA LTDA;278157
EJE CAFETERO;Ejecutivo EJE CAFETERO;DISTRIJAS EJE;500537
CUNDINAMARCA;Ejecutivo CUNDINAMARCA;SURTILIDER;922254
ORIENTE;Ejecutivo ORIENTE;PASTOR JULIO DELGADO BUCARAMANGA;1554999
ANTIOQUIA;Ejecutivo ANTIOQUIA;MARCAS Y DISTRIBUCIONES SAS;2731036
ANTIOQUIA;Ejecutivo ANTIOQUIA;MARCAS Y DISTRIBUCIONES SAS;49391
CUNDINAMARCA;Ejecutivo CUNDINAMARCA;SURTILIDER;12723
ANTIOQUIA;Ejecutivo ANTIOQUIA;MARCAS Y DISTRIBUCIONES SAS;29847599
PACIFICO;Ejecutivo PACIFICO;DISTRIYA LTDA;1472787
COSTA 2;Ejecutivo COSTA 2;DISAM SANTA MARTA;1746621
ORIENTE;Ejecutivo ORIENTE;PASTOR JULIO DELGADO BUCARAMANGA;1098709
COSTA 2;Ejecutivo COSTA 2;DISAM SANTA MARTA;2989913
COSTA 1;Ejecutivo COSTA 1;DISTRIABASTOS;2363762
CUNDINAMARCA;Ejecutivo CUNDINAMARCA;SURTILIDER;325837
COSTA 1;Ejecutivo COSTA 1;DELTA BARRANQUILLA;5447957
PACIFICO;Ejecutivo PACIFICO;DULCES Y DULCES;168114
COSTA 2;Ejecutivo COSTA 2;SANTANA;12705831
ORIENTE;Ejecutivo ORIENTE;DISAM BARRANCABERMEJA;1118291
ORIENTE;Ejecutivo ORIENTE;PASTOR JULIO DELGADO CUCUTA;835691
ANTIOQUIA;Ejecutivo ANTIOQUIA;EPA;10176870
PACIFICO;Ejecutivo PACIFICO;DISTRIYA LTDA;565676
ANTIOQUIA;Ejecutivo ANTIOQUIA;SURTIVENTAS;3214792
CUNDINAMARCA;Ejecutivo CUNDINAMARCA;SURTILIDER;753701
COSTA 2;Ejecutivo COSTA 2;DISAM GUAJIRA;3245370
PACIFICO;Ejecutivo PACIFICO;DISTRIYA LTDA;1182829
COSTA 1;Ejecutivo COSTA 1;DELTA BARRANQUILLA;2605850
COSTA 2;Ejecutivo COSTA 2;DISAM VALLEDUPAR;5047580
COSTA 1;Ejecutivo COSTA 1;DELTA BARRANQUILLA;6260037
ORIENTE;Ejecutivo ORIENTE;PASTOR JULIO DELGADO BUCARAMANGA;31427
EJE CAFETERO;Ejecutivo EJE CAFETERO;CG ANDINA S.A.S;6465327
COSTA 2;Ejecutivo COSTA 2;DISAM VALLEDUPAR;17333
EJE CAFETERO;Ejecutivo EJE CAFETERO;SURTIALIADOS QUINDIO;1000916
PACIFICO;Ejecutivo PACIFICO;DISTRIYA LTDA;104135
LLANOS;Ejecutivo LLANOS;LA NIEVE VILLAVICENCIO;3819881
ANTIOQUIA;Ejecutivo ANTIOQUIA;ZONA 2;164749612
PACIFICO;Ejecutivo PACIFICO;DISTRIJAS CALI;2145882
COSTA 2;Ejecutivo COSTA 2;SAN ISIDRO SANTA MARTA;2653399
CUNDINAMARCA;Ejecutivo CUNDINAMARCA;ZULUAGA Y SOTO;22876727
PACIFICO;Ejecutivo PACIFICO;DISTRIJASS BUENAVENTURA;1452619
COSTA 1;Ejecutivo COSTA 1;DISTRIABASTOS;2847258
COSTA 1;Ejecutivo COSTA 1;DELTA BARRANQUILLA;6527187
COSTA 1;Ejecutivo COSTA 1;DELTA CARTAGENA;2307035
COSTA 1;Ejecutivo COSTA 1;DELTA BARRANQUILLA;4845259
CUNDINAMARCA;Ejecutivo CUNDINAMARCA;ZULUAGA Y SOTO;821613
COSTA 2;Ejecutivo COSTA 2;SAN ISIDRO SANTA MARTA;4025514
COSTA 1;Ejecutivo COSTA 1;GRUPO LITORAL;544426
COSTA 2;Ejecutivo COSTA 2;DISAM GUAJIRA;3533212
PACIFICO;Ejecutivo PACIFICO;DISTRIYA LTDA;21970
PACIFICO;Ejecutivo PACIFICO;CIA DE DSIERRA S A S VALLE;527654
EJE CAFETERO;Ejecutivo EJE CAFETERO;DISTRIJAS EJE;19200
COSTA 1;Ejecutivo COSTA 1;DISTRIABASTOS;6296547
EJE CAFETERO;Ejecutivo EJE CAFETERO;BARACALDO;2263879
ANTIOQUIA;Ejecutivo ANTIOQUIA;MARCAS Y DISTRIBUCIONES SAS;2043762
PACIFICO;Ejecutivo PACIFICO;DISTRIJAS CALI;4102791
CUNDINAMARCA;Ejecutivo CUNDINAMARCA;ZULUAGA Y SOTO;803800
ORIENTE;Ejecutivo ORIENTE;DISAM BARRANCABERMEJA;1110894
CUNDINAMARCA;Ejecutivo CUNDINAMARCA;SURTILIDER;95925
EJE CAFETERO;Ejecutivo EJE CAFETERO;CG ANDINA S.A.S;842353
ANTIOQUIA;Ejecutivo ANTIOQUIA;MARCAS Y DISTRIBUCIONES SAS;2701607
COSTA 1;Ejecutivo COSTA 1;DISTRIABASTOS;3423078
ORIENTE;Ejecutivo ORIENTE;DISAM BUCARAMANGA;1176171
CUNDINAMARCA;Ejecutivo CUNDINAMARCA;CCENECA COMERCIAL SAS;200353
EJE CAFETERO;Ejecutivo EJE CAFETERO;CG ANDINA S.A.S;4382492
ANTIOQUIA;Ejecutivo ANTIOQUIA;SURTIVENTAS;1352172
CUNDINAMARCA;Ejecutivo CUNDINAMARCA;CCENECA COMERCIAL SAS;221739
ANTIOQUIA;Ejecutivo ANTIOQUIA;ZONA 2;166263
PACIFICO;Ejecutivo PACIFICO;DULCES Y DULCES;636344
ORIENTE;Ejecutivo ORIENTE;PASTOR JULIO DELGADO CUCUTA;1563126
PACIFICO;Ejecutivo PACIFICO;DISTRIYA LTDA;490946
COSTA 2;Ejecutivo COSTA 2;DISAM VALLEDUPAR;4512662
CUNDINAMARCA;Ejecutivo CUNDINAMARCA;CCENECA COMERCIAL SAS;83069
EJE CAFETERO;Ejecutivo EJE CAFETERO;MULTIVENTAS EJE;8636863
PACIFICO;Ejecutivo PACIFICO;DISTRIYA LTDA;327174
CUNDINAMARCA;Ejecutivo CUNDINAMARCA;SURTILIDER;44904
ANTIOQUIA;Ejecutivo ANTIOQUIA;EPA;12871548
PACIFICO;Ejecutivo PACIFICO;GUSTAVO MUNOZ;2680742
COSTA 2;Ejecutivo COSTA 2;DISAM VALLEDUPAR;1451573
ORIENTE;Ejecutivo ORIENTE;DISAM BARRANCABERMEJA;1781869
ORIENTE;Ejecutivo ORIENTE;DISAM BUCARAMANGA;207664
COSTA 2;Ejecutivo COSTA 2;SAN ISIDRO SANTA MARTA;4107041
ORIENTE;Ejecutivo ORIENTE;DISAM BUCARAMANGA;252701
CUNDINAMARCA;Ejecutivo CUNDINAMARCA;CCENECA COMERCIAL SAS;3419948
CUNDINAMARCA;Ejecutivo CUNDINAMARCA;SURTILIDER;99718
ANTIOQUIA;Ejecutivo ANTIOQUIA;ZONA 2;8496842
PACIFICO;Ejecutivo PACIFICO;DISTRIYA LTDA;1570336
CUNDINAMARCA;Ejecutivo CUNDINAMARCA;SURTILIDER;280010
ORIENTE;Ejecutivo ORIENTE;PASTOR JULIO DELGADO BUCARAMANGA;429635
CUNDINAMARCA;Ejecutivo CUNDINAMARCA;SURTILIDER;1135046
CUNDINAMARCA;Ejecutivo CUNDINAMARCA;SURTILIDER;154109
PACIFICO;Ejecutivo PACIFICO;GUSTAVO MUNOZ;2575788
ANTIOQUIA;Ejecutivo ANTIOQUIA;SURTIVENTAS;258312
CUNDINAMARCA;Ejecutivo CUNDINAMARCA;CCENECA COMERCIAL SAS;137978
PACIFICO;Ejecutivo PACIFICO;GUSTAVO MUNOZ;23517463
COSTA 2;Ejecutivo COSTA 2;SAN ISIDRO GUAJIRA;6165016
ANTIOQUIA;Ejecutivo ANTIOQUIA;EPA;15346762
EJE CAFETERO;Ejecutivo EJE CAFETERO;SURTIALIADOS;7155246
COSTA 1;Ejecutivo COSTA 1;DELTA BARRANQUILLA;4945970
COSTA 1;Ejecutivo COSTA 1;DISTRIABASTOS;2857122
PACIFICO;Ejecutivo PACIFICO;DISTRIJASS TULUA;995034
ANTIOQUIA;Ejecutivo ANTIOQUIA;SURTIVENTAS;539895
EJE CAFETERO;Ejecutivo EJE CAFETERO;DISTRIJAS EJE;529051
ANTIOQUIA;Ejecutivo ANTIOQUIA;SERDISTAT S.A.S;1867807
ANTIOQUIA;Ejecutivo ANTIOQUIA;EPA;14595657
COSTA 2;Ejecutivo COSTA 2;SAN ISIDRO SANTA MARTA;386079
COSTA 2;Ejecutivo COSTA 2;SAN ISIDRO GUAJIRA;43404
COSTA 1;Ejecutivo COSTA 1;DELTA BARRANQUILLA;6167509
PACIFICO;Ejecutivo PACIFICO;DISTRIJAS CALI;1486700
PACIFICO;Ejecutivo PACIFICO;DULCES Y DULCES;1251641
CUNDINAMARCA;Ejecutivo CUNDINAMARCA;SURTILIDER;1073175
ANTIOQUIA;Ejecutivo ANTIOQUIA;ZONA 2;170172994
ANTIOQUIA;Ejecutivo ANTIOQUIA;SURTIVENTAS;1060837
ORIENTE;Ejecutivo ORIENTE;PASTOR JULIO DELGADO BUCARAMANGA;704971
PACIFICO;Ejecutivo PACIFICO;GUSTAVO MUNOZ;1199781
COSTA 1;Ejecutivo COSTA 1;DISTRIBUIDORA CORRALITO DE PIEDRA S;1289288
PACIFICO;Ejecutivo PACIFICO;GUSTAVO MUNOZ;1613374
CUNDINAMARCA;Ejecutivo CUNDINAMARCA;CCENECA COMERCIAL SAS;163973
CUNDINAMARCA;Ejecutivo CUNDINAMARCA;ZULUAGA Y SOTO;131134
CUNDINAMARCA;Ejecutivo CUNDINAMARCA;SURTILIDER;850641
COSTA 1;Ejecutivo COSTA 1;GRUPO LITORAL;764556
PACIFICO;Ejecutivo PACIFICO;GUSTAVO MUNOZ;1005187
PACIFICO;Ejecutivo PACIFICO;DISTRIJASS TULUA;1105205
ORIENTE;Ejecutivo ORIENTE;DISAM BUCARAMANGA;808673
ANTIOQUIA;Ejecutivo ANTIOQUIA;MARCAS Y DISTRIBUCIONES SAS;3483891
EJE CAFETERO;Ejecutivo EJE CAFETERO;DISTRIJAS EJE;1821727
COSTA 1;Ejecutivo COSTA 1;DISTRIABASTOS;1219718
PACIFICO;Ejecutivo PACIFICO;DISTRIJAS CALI;361074
EJE CAFETERO;Ejecutivo EJE CAFETERO;MULTIVENTAS EJE;18258728
COSTA 1;Ejecutivo COSTA 1;DELTA CARTAGENA;15401995
ORIENTE;Ejecutivo ORIENTE;PASTOR JULIO DELGADO CUCUTA;2425086
CUNDINAMARCA;Ejecutivo CUNDINAMARCA;SURTILIDER;195639
ANTIOQUIA;Ejecutivo ANTIOQUIA;MARCAS Y DISTRIBUCIONES SAS;2811426
CUNDINAMARCA;Ejecutivo CUNDINAMARCA;SURTILIDER;1315790
ANTIOQUIA;Ejecutivo ANTIOQUIA;SERDISTAT S.A.S;123590
ORIENTE;Ejecutivo ORIENTE;PASTOR JULIO DELGADO BUCARAMANGA;1188404
CUNDINAMARCA;Ejecutivo CUNDINAMARCA;ZULUAGA Y SOTO;232004
EJE CAFETERO;Ejecutivo EJE CAFETERO;DISTRIJAS EJE;627525
COSTA 1;Ejecutivo COSTA 1;DISTRIABASTOS;4840365
ANTIOQUIA;Ejecutivo ANTIOQUIA;EPA;10613397
EJE CAFETERO;Ejecutivo EJE CAFETERO;CG ANDINA S.A.S;3688503
ANTIOQUIA;Ejecutivo ANTIOQUIA;SERDISTAT S.A.S;1626781
LLANOS;Ejecutivo LLANOS;LA NIEVE VILLAVICENCIO;1499916
PACIFICO;Ejecutivo PACIFICO;CIA DE DSIERRA S A S VALLE;182561
EJE CAFETERO;Ejecutivo EJE CAFETERO;DISTRIJAS EJE;1110701
PACIFICO;Ejecutivo PACIFICO;DISTRIJAS CALI;4832153
ANTIOQUIA;Ejecutivo ANTIOQUIA;SERDISTAT S.A.S;283207
ANTIOQUIA;Ejecutivo ANTIOQUIA;SURTIVENTAS;1464690
PACIFICO;Ejecutivo PACIFICO;MULTIVENTAS CALI;2989218
ORIENTE;Ejecutivo ORIENTE;PASTOR JULIO DELGADO BUCARAMANGA;3776879
COSTA 1;Ejecutivo COSTA 1;DELTA BARRANQUILLA;5380730
ANTIOQUIA;Ejecutivo ANTIOQUIA;ZONA 2;7193466
ANTIOQUIA;Ejecutivo ANTIOQUIA;SERDISTAT S.A.S;2035930
COSTA 2;Ejecutivo COSTA 2;SAN ISIDRO SANTA MARTA;879686
COSTA 2;Ejecutivo COSTA 2;SAN ISIDRO SANTA MARTA;6513402
ANTIOQUIA;Ejecutivo ANTIOQUIA;MARCAS Y DISTRIBUCIONES SAS;1256685
ORIENTE;Ejecutivo ORIENTE;PASTOR JULIO DELGADO CUCUTA;4362378
PACIFICO;Ejecutivo PACIFICO;DISTRIJAS CALI;1770627
LLANOS;Ejecutivo LLANOS;LA NIEVE VILLAVICENCIO;649373
EJE CAFETERO;Ejecutivo EJE CAFETERO;DISTRIJAS EJE;1437355
COSTA 2;Ejecutivo COSTA 2;SAN ISIDRO SANTA MARTA;2798489
COSTA 2;Ejecutivo COSTA 2;DISAM VALLEDUPAR;1741808
CUNDINAMARCA;Ejecutivo CUNDINAMARCA;SURTILIDER;931513
CUNDINAMARCA;Ejecutivo CUNDINAMARCA;ZULUAGA Y SOTO;64397
CENTRO;Ejecutivo CENTRO;COMERCIAL FENIX S.A.S;1774807
CUNDINAMARCA;Ejecutivo CUNDINAMARCA;ZULUAGA Y SOTO;819277
EJE CAFETERO;Ejecutivo EJE CAFETERO;SURTIALIADOS QUINDIO;2510841
PACIFICO;Ejecutivo PACIFICO;DULCES Y DULCES;503716
COSTA 1;Ejecutivo COSTA 1;DELTA CARTAGENA;2749753
COSTA 1;Ejecutivo COSTA 1;DISTRIABASTOS;19513569
CUNDINAMARCA;Ejecutivo CUNDINAMARCA;SURTILIDER;23128
ANTIOQUIA;Ejecutivo ANTIOQUIA;DISTRIYOL;1349652
EJE CAFETERO;Ejecutivo EJE CAFETERO;BARACALDO;2471639
COSTA 1;Ejecutivo COSTA 1;DISTRIBUIDORA CORRALITO DE PIEDRA S;1847995
ANTIOQUIA;Ejecutivo ANTIOQUIA;SURTIVENTAS;1680981
ANTIOQUIA;Ejecutivo ANTIOQUIA;MARCAS Y DISTRIBUCIONES SAS;5879492
CUNDINAMARCA;Ejecutivo CUNDINAMARCA;ZULUAGA Y SOTO;173104
LLANOS;Ejecutivo LLANOS;LA NIEVE VILLAVICENCIO;1500805
PACIFICO;Ejecutivo PACIFICO;DULCES Y DULCES;214702
CUNDINAMARCA;Ejecutivo CUNDINAMARCA;SURTILIDER;760367
PACIFICO;Ejecutivo PACIFICO;DISTRIYA LTDA;700685
ANTIOQUIA;Ejecutivo ANTIOQUIA;SERDISTAT S.A.S;269564
CUNDINAMARCA;Ejecutivo CUNDINAMARCA;SURTILIDER;1104293
CUNDINAMARCA;Ejecutivo CUNDINAMARCA;CCENECA COMERCIAL SAS;486559
COSTA 1;Ejecutivo COSTA 1;DELTA CARTAGENA;3462327
CUNDINAMARCA;Ejecutivo CUNDINAMARCA;SURTILIDER;972119
COSTA 1;Ejecutivo COSTA 1;GRUPO LITORAL;1698789
PACIFICO;Ejecutivo PACIFICO;DULCES Y DULCES;364155
ANTIOQUIA;Ejecutivo ANTIOQUIA;ZONA 2;4237966
ANTIOQUIA;Ejecutivo ANTIOQUIA;MARCAS Y DISTRIBUCIONES SAS;1261602
PACIFICO;Ejecutivo PACIFICO;DULCES Y DULCES;479957
COSTA 1;Ejecutivo COSTA 1;DELTA CARTAGENA;3540540
CUNDINAMARCA;Ejecutivo CUNDINAMARCA;ZULUAGA Y SOTO;682271
ANTIOQUIA;Ejecutivo ANTIOQUIA;SERDISTAT S.A.S;109877
CUNDINAMARCA;Ejecutivo CUNDINAMARCA;ZULUAGA Y SOTO;1636988
COSTA 2;Ejecutivo COSTA 2;SAN ISIDRO SANTA MARTA;5060997
COSTA 1;Ejecutivo COSTA 1;DELTA BARRANQUILLA;6319354
COSTA 2;Ejecutivo COSTA 2;DISAM SANTA MARTA;2476204
LLANOS;Ejecutivo LLANOS;LA NIEVE DUITAMA;-18192
CUNDINAMARCA;Ejecutivo CUNDINAMARCA;SURTILIDER;91673
PACIFICO;Ejecutivo PACIFICO;GUSTAVO MUNOZ;2254653
COSTA 2;Ejecutivo COSTA 2;DISAM SANTA MARTA;2612866
CUNDINAMARCA;Ejecutivo CUNDINAMARCA;SURTILIDER;179204
PACIFICO;Ejecutivo PACIFICO;DISTRIYA LTDA;327309
COSTA 1;Ejecutivo COSTA 1;DISTRIBUIDORA CORRALITO DE PIEDRA S;2459881
PACIFICO;Ejecutivo PACIFICO;DISTRIYA LTDA;386810
PACIFICO;Ejecutivo PACIFICO;DISTRIJAS CALI;1233245
COSTA 2;Ejecutivo COSTA 2;DISAM VALLEDUPAR;1655838
LLANOS;Ejecutivo LLANOS;LA NIEVE VILLAVICENCIO;1177429
ANTIOQUIA;Ejecutivo ANTIOQUIA;SURTIVENTAS;511650
EJE CAFETERO;Ejecutivo EJE CAFETERO;DISTRIJAS EJE;855513
ANTIOQUIA;Ejecutivo ANTIOQUIA;SERDISTAT S.A.S;2134234
ANTIOQUIA;Ejecutivo ANTIOQUIA;EPA;14418109
ANTIOQUIA;Ejecutivo ANTIOQUIA;SERDISTAT S.A.S;675590
PACIFICO;Ejecutivo PACIFICO;CIA DE DSIERRA S A S VALLE;715157
CUNDINAMARCA;Ejecutivo CUNDINAMARCA;SURTILIDER;108680
CUNDINAMARCA;Ejecutivo CUNDINAMARCA;SURTILIDER;1281235
CUNDINAMARCA;Ejecutivo CUNDINAMARCA;ZULUAGA Y SOTO;2256824
LLANOS;Ejecutivo LLANOS;LA NIEVE VILLAVICENCIO;1482527
ORIENTE;Ejecutivo ORIENTE;PASTOR JULIO DELGADO CUCUTA;2311389
PACIFICO;Ejecutivo PACIFICO;DISTRIYA LTDA;13406
PACIFICO;Ejecutivo PACIFICO;DISTRIJAS CALI;883732
ANTIOQUIA;Ejecutivo ANTIOQUIA;SERDISTAT S.A.S;798340
CENTRO;Ejecutivo CENTRO;CIA DE DSIERRA SAS TOLIMA;757234
ANTIOQUIA;Ejecutivo ANTIOQUIA;DISTRIYOL;540386
COSTA 2;Ejecutivo COSTA 2;DISAM SANTA MARTA;3984431
CENTRO;Ejecutivo CENTRO;CIA DE DSIERRA SAS TOLIMA;1641601
CUNDINAMARCA;Ejecutivo CUNDINAMARCA;SURTILIDER;149036
PACIFICO;Ejecutivo PACIFICO;MULTIVENTAS CALI;2768266
ANTIOQUIA;Ejecutivo ANTIOQUIA;SURTIVENTAS;2299472
COSTA 1;Ejecutivo COSTA 1;DELTA BARRANQUILLA;5827285
CENTRO;Ejecutivo CENTRO;COMERCIAL FENIX S.A.S;2607574
PACIFICO;Ejecutivo PACIFICO;DULCES Y DULCES;203639
CENTRO;Ejecutivo CENTRO;CIA DE DSIERRA SAS HUILA;205064
EJE CAFETERO;Ejecutivo EJE CAFETERO;SURTIALIADOS;9263947
ANTIOQUIA;Ejecutivo ANTIOQUIA;MARCAS Y DISTRIBUCIONES SAS;4321116
COSTA 2;Ejecutivo COSTA 2;DISAM SANTA MARTA;27433
CUNDINAMARCA;Ejecutivo CUNDINAMARCA;ZULUAGA Y SOTO;3169061
ANTIOQUIA;Ejecutivo ANTIOQUIA;SERDISTAT S.A.S;4088169
CUNDINAMARCA;Ejecutivo CUNDINAMARCA;SURTILIDER;676762
CUNDINAMARCA;Ejecutivo CUNDINAMARCA;SURTILIDER;199982
ORIENTE;Ejecutivo ORIENTE;DISAM BARRANCABERMEJA;1385837
CUNDINAMARCA;Ejecutivo CUNDINAMARCA;ZULUAGA Y SOTO;1539979
EJE CAFETERO;Ejecutivo EJE CAFETERO;BARACALDO;4161008
ANTIOQUIA;Ejecutivo ANTIOQUIA;SURTIVENTAS;1002083
PACIFICO;Ejecutivo PACIFICO;GUSTAVO MUNOZ;4274767
ANTIOQUIA;Ejecutivo ANTIOQUIA;COMERC EPA S A S (APARTADO);20392030
COSTA 2;Ejecutivo COSTA 2;DISAM SANTA MARTA;2185347
COSTA 1;Ejecutivo COSTA 1;DISTRIABASTOS;5251600
LLANOS;Ejecutivo LLANOS;LA NIEVE VILLAVICENCIO;2228884
COSTA 2;Ejecutivo COSTA 2;DISAM VALLEDUPAR;4774351
ORIENTE;Ejecutivo ORIENTE;DISAM BUCARAMANGA;1480842
CUNDINAMARCA;Ejecutivo CUNDINAMARCA;SURTILIDER;185129
CUNDINAMARCA;Ejecutivo CUNDINAMARCA;SURTILIDER;1841429
PACIFICO;Ejecutivo PACIFICO;MULTIVENTAS CALI;14251781
EJE CAFETERO;Ejecutivo EJE CAFETERO;SURTIALIADOS QUINDIO;2981043
COSTA 2;Ejecutivo COSTA 2;DISAM SANTA MARTA;2177850
ANTIOQUIA;Ejecutivo ANTIOQUIA;ZONA 2;9388585
PACIFICO;Ejecutivo PACIFICO;DISTRIJAS CALI;1627918
PACIFICO;Ejecutivo PACIFICO;DULCES Y DULCES;117609
ORIENTE;Ejecutivo ORIENTE;PASTOR JULIO DELGADO BUCARAMANGA;1690601
ANTIOQUIA;Ejecutivo ANTIOQUIA;SERDISTAT S.A.S;1614959
CUNDINAMARCA;Ejecutivo CUNDINAMARCA;ZULUAGA Y SOTO;544442
COSTA 1;Ejecutivo COSTA 1;DELTA BARRANQUILLA;4229732
EJE CAFETERO;Ejecutivo EJE CAFETERO;SURTIALIADOS;3060717
ANTIOQUIA;Ejecutivo ANTIOQUIA;ZONA 2;6964297
COSTA 1;Ejecutivo COSTA 1;DISTRIBUIDORA CORRALITO DE PIEDRA S;47224
COSTA 2;Ejecutivo COSTA 2;DISAM SANTA MARTA;8390085
PACIFICO;Ejecutivo PACIFICO;MULTIVENTAS CALI;713964
CUNDINAMARCA;Ejecutivo CUNDINAMARCA;CCENECA COMERCIAL SAS;3817927
EJE CAFETERO;Ejecutivo EJE CAFETERO;BARACALDO;47101
CUNDINAMARCA;Ejecutivo CUNDINAMARCA;CCENECA COMERCIAL SAS;1915980
ORIENTE;Ejecutivo ORIENTE;PASTOR JULIO DELGADO BUCARAMANGA;3928241
CUNDINAMARCA;Ejecutivo CUNDINAMARCA;SURTILIDER;1335329
ANTIOQUIA;Ejecutivo ANTIOQUIA;SURTIVENTAS;617038
ANTIOQUIA;Ejecutivo ANTIOQUIA;SERDISTAT S.A.S;2292784
PACIFICO;Ejecutivo PACIFICO;DISTRIJASS TULUA;796211
ORIENTE;Ejecutivo ORIENTE;PASTOR JULIO DELGADO BUCARAMANGA;1436662
COSTA 1;Ejecutivo COSTA 1;DELTA BARRANQUILLA;4954414
PACIFICO;Ejecutivo PACIFICO;DISTRIJAS CALI;1037725
PACIFICO;Ejecutivo PACIFICO;DISTRIYA LTDA;272956
CUNDINAMARCA;Ejecutivo CUNDINAMARCA;SURTILIDER;895916
CUNDINAMARCA;Ejecutivo CUNDINAMARCA;ZULUAGA Y SOTO;3424037
LLANOS;Ejecutivo LLANOS;LA NIEVE DUITAMA;222323
EJE CAFETERO;Ejecutivo EJE CAFETERO;DISTRIJAS EJE;1485639
COSTA 1;Ejecutivo COSTA 1;DELTA CARTAGENA;1858433
CUNDINAMARCA;Ejecutivo CUNDINAMARCA;SURTILIDER;775104
COSTA 2;Ejecutivo COSTA 2;DISAM VALLEDUPAR;3864910
ANTIOQUIA;Ejecutivo ANTIOQUIA;MARCAS Y DISTRIBUCIONES SAS;1617215
CUNDINAMARCA;Ejecutivo CUNDINAMARCA;SURTILIDER;295044
ANTIOQUIA;Ejecutivo ANTIOQUIA;ZONA 2;6459905
COSTA 1;Ejecutivo COSTA 1;DISTRIABASTOS;1944228
COSTA 1;Ejecutivo COSTA 1;DISTRIBUIDORA CORRALITO DE PIEDRA S;5686788
CUNDINAMARCA;Ejecutivo CUNDINAMARCA;SURTILIDER;717131
ANTIOQUIA;Ejecutivo ANTIOQUIA;ZONA 2;7312704
COSTA 2;Ejecutivo COSTA 2;SAN ISIDRO GUAJIRA;14729
COSTA 2;Ejecutivo COSTA 2;SAN ISIDRO SANTA MARTA;3741876
ANTIOQUIA;Ejecutivo ANTIOQUIA;SURTIVENTAS;827344
COSTA 1;Ejecutivo COSTA 1;DELTA BARRANQUILLA;4978116
EJE CAFETERO;Ejecutivo EJE CAFETERO;SURTIALIADOS QUINDIO;1321477
COSTA 2;Ejecutivo COSTA 2;SANTANA;16908778
COSTA 1;Ejecutivo COSTA 1;DELTA CARTAGENA;2673587
ORIENTE;Ejecutivo ORIENTE;PASTOR JULIO DELGADO BUCARAMANGA;477097
ORIENTE;Ejecutivo ORIENTE;DISAM BARRANCABERMEJA;161283
EJE CAFETERO;Ejecutivo EJE CAFETERO;SURTIALIADOS QUINDIO;1430003
PACIFICO;Ejecutivo PACIFICO;DULCES Y DULCES;615546
ANTIOQUIA;Ejecutivo ANTIOQUIA;MARCAS Y DISTRIBUCIONES SAS;1133884
COSTA 1;Ejecutivo COSTA 1;DISTRIABASTOS;1805619
LLANOS;Ejecutivo LLANOS;LA NIEVE DUITAMA;152081
CUNDINAMARCA;Ejecutivo CUNDINAMARCA;CCENECA COMERCIAL SAS;690419
ORIENTE;Ejecutivo ORIENTE;PASTOR JULIO DELGADO CUCUTA;10978039
PACIFICO;Ejecutivo PACIFICO;CIA DE DSIERRA S A S VALLE;6243
EJE CAFETERO;Ejecutivo EJE CAFETERO;BARACALDO;233921
PACIFICO;Ejecutivo PACIFICO;DISTRIJAS CALI;1747921
PACIFICO;Ejecutivo PACIFICO;DISTRIJASS BUENAVENTURA;166021
CUNDINAMARCA;Ejecutivo CUNDINAMARCA;SURTILIDER;1163936
EJE CAFETERO;Ejecutivo EJE CAFETERO;DISTRIJAS EJE;16667
CUNDINAMARCA;Ejecutivo CUNDINAMARCA;SURTILIDER;1058089
EJE CAFETERO;Ejecutivo EJE CAFETERO;CG ANDINA S.A.S;1337665
CUNDINAMARCA;Ejecutivo CUNDINAMARCA;CCENECA COMERCIAL SAS;21621
CUNDINAMARCA;Ejecutivo CUNDINAMARCA;ZULUAGA Y SOTO;1255398
ANTIOQUIA;Ejecutivo ANTIOQUIA;EPA;69915195
ORIENTE;Ejecutivo ORIENTE;DISAM BUCARAMANGA;690795
ANTIOQUIA;Ejecutivo ANTIOQUIA;ZONA 2;40640421
CUNDINAMARCA;Ejecutivo CUNDINAMARCA;SURTILIDER;306794
PACIFICO;Ejecutivo PACIFICO;DISTRIJAS CALI;1577526
CUNDINAMARCA;Ejecutivo CUNDINAMARCA;CCENECA COMERCIAL SAS;895752
PACIFICO;Ejecutivo PACIFICO;DISTRIJAS CALI;946692
PACIFICO;Ejecutivo PACIFICO;DISTRIYA LTDA;519969
COSTA 1;Ejecutivo COSTA 1;GRUPO LITORAL;393199
PACIFICO;Ejecutivo PACIFICO;MULTIVENTAS CALI;368969
EJE CAFETERO;Ejecutivo EJE CAFETERO;CG ANDINA S.A.S;4699165
EJE CAFETERO;Ejecutivo EJE CAFETERO;DISTRIJAS EJE;27902
CENTRO;Ejecutivo CENTRO;COMERCIAL FENIX S.A.S;445823
PACIFICO;Ejecutivo PACIFICO;DISTRIYA LTDA;732862
CUNDINAMARCA;Ejecutivo CUNDINAMARCA;SURTILIDER;9040
ORIENTE;Ejecutivo ORIENTE;PASTOR JULIO DELGADO BUCARAMANGA;5132004
ANTIOQUIA;Ejecutivo ANTIOQUIA;SERDISTAT S.A.S;1686940
PACIFICO;Ejecutivo PACIFICO;DISTRIJAS CALI;1073695
COSTA 1;Ejecutivo COSTA 1;DISTRIABASTOS;2784102
ORIENTE;Ejecutivo ORIENTE;PASTOR JULIO DELGADO BUCARAMANGA;10862
ANTIOQUIA;Ejecutivo ANTIOQUIA;SURTIVENTAS;89408
PACIFICO;Ejecutivo PACIFICO;DISTRIJAS CALI;1553859
CUNDINAMARCA;Ejecutivo CUNDINAMARCA;SURTILIDER;1461405
PACIFICO;Ejecutivo PACIFICO;DULCES Y DULCES;949577
LLANOS;Ejecutivo LLANOS;LA NIEVE DUITAMA;150492
PACIFICO;Ejecutivo PACIFICO;DISTRIYA LTDA;112791
EJE CAFETERO;Ejecutivo EJE CAFETERO;DISTRIJAS EJE;661878
CUNDINAMARCA;Ejecutivo CUNDINAMARCA;CCENECA COMERCIAL SAS;161001
ORIENTE;Ejecutivo ORIENTE;DISAM BARRANCABERMEJA;-378701
ORIENTE;Ejecutivo ORIENTE;DISAM BUCARAMANGA;824260
PACIFICO;Ejecutivo PACIFICO;DISTRIJAS CALI;955301
CUNDINAMARCA;Ejecutivo CUNDINAMARCA;CCENECA COMERCIAL SAS;447527
CUNDINAMARCA;Ejecutivo CUNDINAMARCA;SURTILIDER;1001456
ANTIOQUIA;Ejecutivo ANTIOQUIA;MAXTIENDAS TAT CAUCASIA;382331
EJE CAFETERO;Ejecutivo EJE CAFETERO;SURTIALIADOS QUINDIO;1148260
COSTA 2;Ejecutivo COSTA 2;SAN ISIDRO SANTA MARTA;4307368
CUNDINAMARCA;Ejecutivo CUNDINAMARCA;SURTILIDER;61954
ANTIOQUIA;Ejecutivo ANTIOQUIA;MAXTIENDAS TAT CAUCASIA;2083160
PACIFICO;Ejecutivo PACIFICO;DULCES Y DULCES;690178
COSTA 2;Ejecutivo COSTA 2;SAN ISIDRO GUAJIRA;4994174
PACIFICO;Ejecutivo PACIFICO;DISTRIJAS CALI;53795
COSTA 2;Ejecutivo COSTA 2;SAN ISIDRO GUAJIRA;4076953
ORIENTE;Ejecutivo ORIENTE;PASTOR JULIO DELGADO BUCARAMANGA;846782
CENTRO;Ejecutivo CENTRO;CIA DE DSIERRA SAS TOLIMA;904271
CUNDINAMARCA;Ejecutivo CUNDINAMARCA;ZULUAGA Y SOTO;1072595
COSTA 2;Ejecutivo COSTA 2;DISAM VALLEDUPAR;442213
CENTRO;Ejecutivo CENTRO;CIA DE DSIERRA SAS HUILA;184898
CUNDINAMARCA;Ejecutivo CUNDINAMARCA;SURTILIDER;119392
LLANOS;Ejecutivo LLANOS;LA NIEVE VILLAVICENCIO;7604
ANTIOQUIA;Ejecutivo ANTIOQUIA;COMERC EPA S A S (APARTADO);6355298
ANTIOQUIA;Ejecutivo ANTIOQUIA;MARCAS Y DISTRIBUCIONES SAS;2153626
CUNDINAMARCA;Ejecutivo CUNDINAMARCA;CCENECA COMERCIAL SAS;458006
ANTIOQUIA;Ejecutivo ANTIOQUIA;SERDISTAT S.A.S;596800
CUNDINAMARCA;Ejecutivo CUNDINAMARCA;CCENECA COMERCIAL SAS;148243
EJE CAFETERO;Ejecutivo EJE CAFETERO;BARACALDO;4579873
PACIFICO;Ejecutivo PACIFICO;DISTRIYA LTDA;884173
CUNDINAMARCA;Ejecutivo CUNDINAMARCA;CCENECA COMERCIAL SAS;258002
EJE CAFETERO;Ejecutivo EJE CAFETERO;SURTIALIADOS QUINDIO;961181
ANTIOQUIA;Ejecutivo ANTIOQUIA;ZONA 2;7536513
CENTRO;Ejecutivo CENTRO;COMERCIAL FENIX S.A.S;1494440
ANTIOQUIA;Ejecutivo ANTIOQUIA;SURTIVENTAS;529567
ANTIOQUIA;Ejecutivo ANTIOQUIA;SURTIVENTAS;533314
COSTA 2;Ejecutivo COSTA 2;DISAM VALLEDUPAR;2242990
PACIFICO;Ejecutivo PACIFICO;DISTRIJASS POPAYAN;1193548
EJE CAFETERO;Ejecutivo EJE CAFETERO;SURTIALIADOS;3393169
COSTA 2;Ejecutivo COSTA 2;DISAM SANTA MARTA;4054789
COSTA 1;Ejecutivo COSTA 1;DISTRIABASTOS;1097713
EJE CAFETERO;Ejecutivo EJE CAFETERO;CG ANDINA S.A.S;4930088
CENTRO;Ejecutivo CENTRO;CIA DE DSIERRA SAS HUILA;990876
COSTA 2;Ejecutivo COSTA 2;SAN ISIDRO SANTA MARTA;2609902
PACIFICO;Ejecutivo PACIFICO;DISTRIJAS CALI;620798
PACIFICO;Ejecutivo PACIFICO;DULCES Y DULCES;146218
ANTIOQUIA;Ejecutivo ANTIOQUIA;SERDISTAT S.A.S;231079
COSTA 1;Ejecutivo COSTA 1;DELTA CARTAGENA;4545631
CENTRO;Ejecutivo CENTRO;CIA DE DSIERRA SAS TOLIMA;2430410
PACIFICO;Ejecutivo PACIFICO;DISTRIJAS CALI;1880159
PACIFICO;Ejecutivo PACIFICO;DULCES Y DULCES;91970
COSTA 2;Ejecutivo COSTA 2;DISAM GUAJIRA;3778278
CUNDINAMARCA;Ejecutivo CUNDINAMARCA;CCENECA COMERCIAL SAS;713227
ANTIOQUIA;Ejecutivo ANTIOQUIA;MARCAS Y DISTRIBUCIONES SAS;2714200
PACIFICO;Ejecutivo PACIFICO;DISTRIJAS CALI;996560
PACIFICO;Ejecutivo PACIFICO;DISTRIYA LTDA;507955
COSTA 2;Ejecutivo COSTA 2;SAN ISIDRO SANTA MARTA;4828903
COSTA 2;Ejecutivo COSTA 2;DISAM SANTA MARTA;7354964
PACIFICO;Ejecutivo PACIFICO;DISTRIYA LTDA;368245
EJE CAFETERO;Ejecutivo EJE CAFETERO;BARACALDO;2601274
EJE CAFETERO;Ejecutivo EJE CAFETERO;DISTRIJAS EJE;92443
COSTA 1;Ejecutivo COSTA 1;DISTRIBUIDORA CORRALITO DE PIEDRA S;3692546
CUNDINAMARCA;Ejecutivo CUNDINAMARCA;ZULUAGA Y SOTO;865439
ORIENTE;Ejecutivo ORIENTE;PASTOR JULIO DELGADO BUCARAMANGA;1305308
LLANOS;Ejecutivo LLANOS;LA NIEVE YOPAL;125078
COSTA 1;Ejecutivo COSTA 1;DISTRIABASTOS;1990037
ANTIOQUIA;Ejecutivo ANTIOQUIA;SERDISTAT S.A.S;2142914
LLANOS;Ejecutivo LLANOS;LA NIEVE DUITAMA;124911
CUNDINAMARCA;Ejecutivo CUNDINAMARCA;ZULUAGA Y SOTO;295011
ANTIOQUIA;Ejecutivo ANTIOQUIA;ZONA 2;2293936
ORIENTE;Ejecutivo ORIENTE;PASTOR JULIO DELGADO CUCUTA;382394
ORIENTE;Ejecutivo ORIENTE;PASTOR JULIO DELGADO CUCUTA;477403
ANTIOQUIA;Ejecutivo ANTIOQUIA;MARCAS Y DISTRIBUCIONES SAS;1688944
PACIFICO;Ejecutivo PACIFICO;CIA DE DSIERRA S A S VALLE;746324
ANTIOQUIA;Ejecutivo ANTIOQUIA;SERDISTAT S.A.S;1677930
CUNDINAMARCA;Ejecutivo CUNDINAMARCA;SURTILIDER;942846
PACIFICO;Ejecutivo PACIFICO;CIA DE DSIERRA S A S VALLE;559654
COSTA 1;Ejecutivo COSTA 1;DELTA CARTAGENA;4039303
ANTIOQUIA;Ejecutivo ANTIOQUIA;SURTIVENTAS;1080301
CUNDINAMARCA;Ejecutivo CUNDINAMARCA;SURTILIDER;1036262
ANTIOQUIA;Ejecutivo ANTIOQUIA;SURTIVENTAS;3314342
EJE CAFETERO;Ejecutivo EJE CAFETERO;SURTIALIADOS QUINDIO;4039340
ANTIOQUIA;Ejecutivo ANTIOQUIA;ZONA 2;6888981
EJE CAFETERO;Ejecutivo EJE CAFETERO;SURTIALIADOS QUINDIO;147025
ORIENTE;Ejecutivo ORIENTE;DISAM BARRANCABERMEJA;1648261
EJE CAFETERO;Ejecutivo EJE CAFETERO;CG ANDINA S.A.S;1023699
COSTA 1;Ejecutivo COSTA 1;DISTRIABASTOS;1110112
CENTRO;Ejecutivo CENTRO;CIA DE DSIERRA SAS HUILA;264928
LLANOS;Ejecutivo LLANOS;LA NIEVE SJG;1107679
CUNDINAMARCA;Ejecutivo CUNDINAMARCA;SURTILIDER;185730
ORIENTE;Ejecutivo ORIENTE;DISAM BUCARAMANGA;287922
ANTIOQUIA;Ejecutivo ANTIOQUIA;MARCAS Y DISTRIBUCIONES SAS;2710134
ORIENTE;Ejecutivo ORIENTE;DISAM BARRANCABERMEJA;767854
CENTRO;Ejecutivo CENTRO;CIA DE DSIERRA SAS HUILA;652057
PACIFICO;Ejecutivo PACIFICO;DULCES Y DULCES;397835
CUNDINAMARCA;Ejecutivo CUNDINAMARCA;SURTILIDER;755341
PACIFICO;Ejecutivo PACIFICO;DISTRIJAS CALI;366361
ANTIOQUIA;Ejecutivo ANTIOQUIA;EPA;46102122
PACIFICO;Ejecutivo PACIFICO;GUSTAVO MUNOZ;1079459
ORIENTE;Ejecutivo ORIENTE;PASTOR JULIO DELGADO BUCARAMANGA;1468276
COSTA 2;Ejecutivo COSTA 2;SANTANA;14039105
ORIENTE;Ejecutivo ORIENTE;DISAM BUCARAMANGA;701665
CUNDINAMARCA;Ejecutivo CUNDINAMARCA;SURTILIDER;862844
COSTA 2;Ejecutivo COSTA 2;SANTANA;10912478
PACIFICO;Ejecutivo PACIFICO;DISTRIYA LTDA;501978
ANTIOQUIA;Ejecutivo ANTIOQUIA;MARCAS Y DISTRIBUCIONES SAS;2451462
EJE CAFETERO;Ejecutivo EJE CAFETERO;SURTIALIADOS QUINDIO;823873
EJE CAFETERO;Ejecutivo EJE CAFETERO;SURTIALIADOS QUINDIO;6474310
ANTIOQUIA;Ejecutivo ANTIOQUIA;COMERC EPA S A S (APARTADO);23796331
PACIFICO;Ejecutivo PACIFICO;DISTRIYA LTDA;945854
ANTIOQUIA;Ejecutivo ANTIOQUIA;SURTIVENTAS;419702
COSTA 1;Ejecutivo COSTA 1;DELTA BARRANQUILLA;5277840
CUNDINAMARCA;Ejecutivo CUNDINAMARCA;SURTILIDER;56844
ANTIOQUIA;Ejecutivo ANTIOQUIA;SURTIVENTAS;2891570
COSTA 1;Ejecutivo COSTA 1;DELTA CARTAGENA;2826945
COSTA 1;Ejecutivo COSTA 1;DISTRIBUIDORA CORRALITO DE PIEDRA S;2374670
CENTRO;Ejecutivo CENTRO;COMERCIAL FENIX S.A.S;3082225
LLANOS;Ejecutivo LLANOS;LA NIEVE VILLAVICENCIO;811703
CUNDINAMARCA;Ejecutivo CUNDINAMARCA;CCENECA COMERCIAL SAS;865282
ORIENTE;Ejecutivo ORIENTE;PASTOR JULIO DELGADO CUCUTA;655763
EJE CAFETERO;Ejecutivo EJE CAFETERO;SURTIALIADOS;11811101
COSTA 1;Ejecutivo COSTA 1;DISTRIABASTOS;905974
PACIFICO;Ejecutivo PACIFICO;DULCES Y DULCES;1776173
ORIENTE;Ejecutivo ORIENTE;PASTOR JULIO DELGADO CUCUTA;3046250
PACIFICO;Ejecutivo PACIFICO;DISTRIYA LTDA;515047
PACIFICO;Ejecutivo PACIFICO;DISTRIJASS POPAYAN;1000139
EJE CAFETERO;Ejecutivo EJE CAFETERO;SURTIALIADOS;6508224
ANTIOQUIA;Ejecutivo ANTIOQUIA;SERDISTAT S.A.S;1201659
PACIFICO;Ejecutivo PACIFICO;DULCES Y DULCES;9148459
ORIENTE;Ejecutivo ORIENTE;DISAM BUCARAMANGA;1138145
COSTA 2;Ejecutivo COSTA 2;SAN ISIDRO SANTA MARTA;6555492
LLANOS;Ejecutivo LLANOS;LA NIEVE DUITAMA;91660
CENTRO;Ejecutivo CENTRO;CIA DE DSIERRA SAS HUILA;76602
ORIENTE;Ejecutivo ORIENTE;DISAM BUCARAMANGA;1495194
CUNDINAMARCA;Ejecutivo CUNDINAMARCA;CCENECA COMERCIAL SAS;471858
PACIFICO;Ejecutivo PACIFICO;DISTRIJASS BUENAVENTURA;997649
COSTA 1;Ejecutivo COSTA 1;DISTRIABASTOS;2020976
ANTIOQUIA;Ejecutivo ANTIOQUIA;ZONA 2;10067811
CENTRO;Ejecutivo CENTRO;CIA DE DSIERRA SAS TOLIMA;1948757
COSTA 1;Ejecutivo COSTA 1;GRUPO LITORAL;384176
EJE CAFETERO;Ejecutivo EJE CAFETERO;DISTRIJAS EJE;36798
ORIENTE;Ejecutivo ORIENTE;DISAM BUCARAMANGA;1063579
PACIFICO;Ejecutivo PACIFICO;MULTIVENTAS CALI;3213572
COSTA 1;Ejecutivo COSTA 1;DELTA BARRANQUILLA;64227
ANTIOQUIA;Ejecutivo ANTIOQUIA;MARCAS Y DISTRIBUCIONES SAS;1361546
ORIENTE;Ejecutivo ORIENTE;PASTOR JULIO DELGADO CUCUTA;779775
PACIFICO;Ejecutivo PACIFICO;DISTRIYA LTDA;4872442
COSTA 2;Ejecutivo COSTA 2;SAN ISIDRO SANTA MARTA;4922487
CUNDINAMARCA;Ejecutivo CUNDINAMARCA;ZULUAGA Y SOTO;217433
PACIFICO;Ejecutivo PACIFICO;GUSTAVO MUNOZ;3576423
PACIFICO;Ejecutivo PACIFICO;DISTRIYA LTDA;297749
ORIENTE;Ejecutivo ORIENTE;DISAM BUCARAMANGA;828666
COSTA 2;Ejecutivo COSTA 2;DISAM GUAJIRA;431442
CUNDINAMARCA;Ejecutivo CUNDINAMARCA;CCENECA COMERCIAL SAS;720551
CUNDINAMARCA;Ejecutivo CUNDINAMARCA;CCENECA COMERCIAL SAS;87779
PACIFICO;Ejecutivo PACIFICO;DISTRIJAS CALI;1041363
LLANOS;Ejecutivo LLANOS;LA NIEVE YOPAL;203828
CUNDINAMARCA;Ejecutivo CUNDINAMARCA;SURTILIDER;670249
PACIFICO;Ejecutivo PACIFICO;CIA DE DSIERRA S A S VALLE;19410
COSTA 1;Ejecutivo COSTA 1;DELTA CARTAGENA;2932872
ORIENTE;Ejecutivo ORIENTE;DISAM BARRANCABERMEJA;1557586
ORIENTE;Ejecutivo ORIENTE;PASTOR JULIO DELGADO CUCUTA;728477
COSTA 1;Ejecutivo COSTA 1;GRUPO LITORAL;1529302
CUNDINAMARCA;Ejecutivo CUNDINAMARCA;SURTILIDER;929881
COSTA 1;Ejecutivo COSTA 1;GRUPO LITORAL;398671
COSTA 1;Ejecutivo COSTA 1;DELTA BARRANQUILLA;3473944
COSTA 1;Ejecutivo COSTA 1;DELTA BARRANQUILLA;8993824
COSTA 2;Ejecutivo COSTA 2;DISAM GUAJIRA;1966386
PACIFICO;Ejecutivo PACIFICO;GUSTAVO MUNOZ;1959252
COSTA 1;Ejecutivo COSTA 1;DELTA BARRANQUILLA;4137175
CUNDINAMARCA;Ejecutivo CUNDINAMARCA;CCENECA COMERCIAL SAS;633191
CUNDINAMARCA;Ejecutivo CUNDINAMARCA;ZULUAGA Y SOTO;6732
CUNDINAMARCA;Ejecutivo CUNDINAMARCA;CCENECA COMERCIAL SAS;504928
CUNDINAMARCA;Ejecutivo CUNDINAMARCA;CCENECA COMERCIAL SAS;505392
CUNDINAMARCA;Ejecutivo CUNDINAMARCA;SURTILIDER;987995
PACIFICO;Ejecutivo PACIFICO;GUSTAVO MUNOZ;2059736
LLANOS;Ejecutivo LLANOS;LA NIEVE VILLAVICENCIO;1295080
ANTIOQUIA;Ejecutivo ANTIOQUIA;COMERC EPA S A S (APARTADO);3511464
EJE CAFETERO;Ejecutivo EJE CAFETERO;SURTIALIADOS QUINDIO;2921526
ORIENTE;Ejecutivo ORIENTE;PASTOR JULIO DELGADO BUCARAMANGA;1590879
ANTIOQUIA;Ejecutivo ANTIOQUIA;ZONA 2;5725910
CUNDINAMARCA;Ejecutivo CUNDINAMARCA;CCENECA COMERCIAL SAS;701110
PACIFICO;Ejecutivo PACIFICO;DISTRIJAS CALI;1209673
COSTA 2;Ejecutivo COSTA 2;DISAM GUAJIRA;3976143
CENTRO;Ejecutivo CENTRO;COMERCIAL FENIX S.A.S;1481785
ORIENTE;Ejecutivo ORIENTE;DISAM BARRANCABERMEJA;1442028
COSTA 1;Ejecutivo COSTA 1;DELTA BARRANQUILLA;1925614
COSTA 1;Ejecutivo COSTA 1;DISTRIABASTOS;4228898
ORIENTE;Ejecutivo ORIENTE;PASTOR JULIO DELGADO CUCUTA;2248574
EJE CAFETERO;Ejecutivo EJE CAFETERO;CG ANDINA S.A.S;614159
ORIENTE;Ejecutivo ORIENTE;PASTOR JULIO DELGADO CUCUTA;913664
COSTA 2;Ejecutivo COSTA 2;DISAM SANTA MARTA;3892670
COSTA 1;Ejecutivo COSTA 1;GRUPO LITORAL;548084
COSTA 1;Ejecutivo COSTA 1;GRUPO LITORAL;1732865
CUNDINAMARCA;Ejecutivo CUNDINAMARCA;CCENECA COMERCIAL SAS;172044
LLANOS;Ejecutivo LLANOS;LA NIEVE VILLAVICENCIO;1242248
ANTIOQUIA;Ejecutivo ANTIOQUIA;SURTIVENTAS;963880
ANTIOQUIA;Ejecutivo ANTIOQUIA;MARCAS Y DISTRIBUCIONES SAS;1869172
ORIENTE;Ejecutivo ORIENTE;PASTOR JULIO DELGADO BUCARAMANGA;9450759
ANTIOQUIA;Ejecutivo ANTIOQUIA;ZONA 2;5464318
ORIENTE;Ejecutivo ORIENTE;PASTOR JULIO DELGADO BUCARAMANGA;1006758
ANTIOQUIA;Ejecutivo ANTIOQUIA;ZONA 2;4811758
PACIFICO;Ejecutivo PACIFICO;DISTRIYA LTDA;73163
CENTRO;Ejecutivo CENTRO;CIA DE DSIERRA SAS HUILA;312610
ANTIOQUIA;Ejecutivo ANTIOQUIA;SERDISTAT S.A.S;2455082
CUNDINAMARCA;Ejecutivo CUNDINAMARCA;CCENECA COMERCIAL SAS;465886
PACIFICO;Ejecutivo PACIFICO;GUSTAVO MUNOZ;976019
CUNDINAMARCA;Ejecutivo CUNDINAMARCA;CCENECA COMERCIAL SAS;3333234
CENTRO;Ejecutivo CENTRO;CIA DE DSIERRA SAS HUILA;189078
PACIFICO;Ejecutivo PACIFICO;DISTRIJAS CALI;12088
ANTIOQUIA;Ejecutivo ANTIOQUIA;SURTIVENTAS;333150
EJE CAFETERO;Ejecutivo EJE CAFETERO;CG ANDINA S.A.S;651170
LLANOS;Ejecutivo LLANOS;LA NIEVE VILLAVICENCIO;734040
EJE CAFETERO;Ejecutivo EJE CAFETERO;SURTIALIADOS QUINDIO;2191565
CUNDINAMARCA;Ejecutivo CUNDINAMARCA;ZULUAGA Y SOTO;2305700
PACIFICO;Ejecutivo PACIFICO;DISTRIJAS CALI;1015781
CUNDINAMARCA;Ejecutivo CUNDINAMARCA;SURTILIDER;311346
CUNDINAMARCA;Ejecutivo CUNDINAMARCA;SURTILIDER;1027782
COSTA 1;Ejecutivo COSTA 1;GRUPO LITORAL;270880
CENTRO;Ejecutivo CENTRO;COMERCIAL FENIX S.A.S;2058389
EJE CAFETERO;Ejecutivo EJE CAFETERO;DISTRIJAS EJE;1408210
PACIFICO;Ejecutivo PACIFICO;DULCES Y DULCES;2372323
EJE CAFETERO;Ejecutivo EJE CAFETERO;DISTRIJAS EJE;33380
CUNDINAMARCA;Ejecutivo CUNDINAMARCA;SURTILIDER;152567
EJE CAFETERO;Ejecutivo EJE CAFETERO;MULTIVENTAS EJE;4191632
CUNDINAMARCA;Ejecutivo CUNDINAMARCA;SURTILIDER;652579
PACIFICO;Ejecutivo PACIFICO;DULCES Y DULCES;589096
LLANOS;Ejecutivo LLANOS;LA NIEVE YOPAL;71877
CUNDINAMARCA;Ejecutivo CUNDINAMARCA;SURTILIDER;629879
ANTIOQUIA;Ejecutivo ANTIOQUIA;MARCAS Y DISTRIBUCIONES SAS;2256201
CUNDINAMARCA;Ejecutivo CUNDINAMARCA;SURTILIDER;1034572
COSTA 2;Ejecutivo COSTA 2;SAN ISIDRO SANTA MARTA;162139
PACIFICO;Ejecutivo PACIFICO;DISTRIYA LTDA;738804
EJE CAFETERO;Ejecutivo EJE CAFETERO;MULTIVENTAS EJE;58870
PACIFICO;Ejecutivo PACIFICO;DISTRIJAS CALI;208956
ANTIOQUIA;Ejecutivo ANTIOQUIA;COMERC EPA S A S (APARTADO);3880502
LLANOS;Ejecutivo LLANOS;LA NIEVE VILLAVICENCIO;1501425
PACIFICO;Ejecutivo PACIFICO;DISTRIYA LTDA;921660
ANTIOQUIA;Ejecutivo ANTIOQUIA;SURTIVENTAS;457240
PACIFICO;Ejecutivo PACIFICO;DISTRIJASS BUENAVENTURA;1650270
CUNDINAMARCA;Ejecutivo CUNDINAMARCA;CCENECA COMERCIAL SAS;218600
CUNDINAMARCA;Ejecutivo CUNDINAMARCA;SURTILIDER;1707934
PACIFICO;Ejecutivo PACIFICO;DISTRIYA LTDA;3056498
PACIFICO;Ejecutivo PACIFICO;DULCES Y DULCES;76289
PACIFICO;Ejecutivo PACIFICO;MULTIVENTAS CALI;6378581
PACIFICO;Ejecutivo PACIFICO;DISTRIYA LTDA;6471
PACIFICO;Ejecutivo PACIFICO;DISTRIJASS POPAYAN;946495
COSTA 2;Ejecutivo COSTA 2;DISAM SANTA MARTA;189981
PACIFICO;Ejecutivo PACIFICO;DULCES Y DULCES;938348
COSTA 1;Ejecutivo COSTA 1;DISTRIABASTOS;3145940
EJE CAFETERO;Ejecutivo EJE CAFETERO;DISTRIJAS EJE;1134780
ANTIOQUIA;Ejecutivo ANTIOQUIA;SURTIVENTAS;1080692
CUNDINAMARCA;Ejecutivo CUNDINAMARCA;SURTILIDER;48248
PACIFICO;Ejecutivo PACIFICO;DISTRIJAS CALI;1301108
LLANOS;Ejecutivo LLANOS;LA NIEVE YOPAL;191216
CUNDINAMARCA;Ejecutivo CUNDINAMARCA;SURTILIDER;29570
PACIFICO;Ejecutivo PACIFICO;MULTIVENTAS CALI;226990
EJE CAFETERO;Ejecutivo EJE CAFETERO;SURTIALIADOS QUINDIO;874635
ORIENTE;Ejecutivo ORIENTE;PASTOR JULIO DELGADO BUCARAMANGA;2275307
CUNDINAMARCA;Ejecutivo CUNDINAMARCA;SURTILIDER;740682
EJE CAFETERO;Ejecutivo EJE CAFETERO;CG ANDINA S.A.S;2822410
COSTA 2;Ejecutivo COSTA 2;DISAM SANTA MARTA;4337982
ANTIOQUIA;Ejecutivo ANTIOQUIA;SURTIVENTAS;2908808
COSTA 1;Ejecutivo COSTA 1;DISTRIABASTOS;12448
ORIENTE;Ejecutivo ORIENTE;DISAM BARRANCABERMEJA;487754
ANTIOQUIA;Ejecutivo ANTIOQUIA;MARCAS Y DISTRIBUCIONES SAS;1572261
CUNDINAMARCA;Ejecutivo CUNDINAMARCA;SURTILIDER;894529
PACIFICO;Ejecutivo PACIFICO;DISTRIJAS CALI;659051
PACIFICO;Ejecutivo PACIFICO;DISTRIYA LTDA;102912
CUNDINAMARCA;Ejecutivo CUNDINAMARCA;SURTILIDER;892931
COSTA 1;Ejecutivo COSTA 1;DISTRIABASTOS;4981766
EJE CAFETERO;Ejecutivo EJE CAFETERO;MULTIVENTAS EJE;33410700
PACIFICO;Ejecutivo PACIFICO;MULTIVENTAS CALI;5727283
ANTIOQUIA;Ejecutivo ANTIOQUIA;MARCAS Y DISTRIBUCIONES SAS;2722272
ORIENTE;Ejecutivo ORIENTE;PASTOR JULIO DELGADO BUCARAMANGA;372603
EJE CAFETERO;Ejecutivo EJE CAFETERO;SURTIALIADOS;4600575
PACIFICO;Ejecutivo PACIFICO;GUSTAVO MUNOZ;10216879
CENTRO;Ejecutivo CENTRO;CIA DE DSIERRA SAS HUILA;424848
COSTA 1;Ejecutivo COSTA 1;DISTRIBUIDORA CORRALITO DE PIEDRA S;4475413
CUNDINAMARCA;Ejecutivo CUNDINAMARCA;SURTILIDER;1304109
PACIFICO;Ejecutivo PACIFICO;DISTRIYA LTDA;517534
COSTA 2;Ejecutivo COSTA 2;DISAM SANTA MARTA;1059883
ANTIOQUIA;Ejecutivo ANTIOQUIA;MARCAS Y DISTRIBUCIONES SAS;5526154
PACIFICO;Ejecutivo PACIFICO;DISTRIJAS CALI;721953
CUNDINAMARCA;Ejecutivo CUNDINAMARCA;SURTILIDER;71378
CUNDINAMARCA;Ejecutivo CUNDINAMARCA;ZULUAGA Y SOTO;371815
COSTA 1;Ejecutivo COSTA 1;DISTRIBUIDORA CORRALITO DE PIEDRA S;4662252
ANTIOQUIA;Ejecutivo ANTIOQUIA;SERDISTAT S.A.S;1747119
PACIFICO;Ejecutivo PACIFICO;DISTRIYA LTDA;297123
CENTRO;Ejecutivo CENTRO;CIA DE DSIERRA SAS HUILA;4552140
ANTIOQUIA;Ejecutivo ANTIOQUIA;ZONA 2;32065445
ANTIOQUIA;Ejecutivo ANTIOQUIA;SURTIVENTAS;1388710
COSTA 1;Ejecutivo COSTA 1;GRUPO LITORAL;1141835
CUNDINAMARCA;Ejecutivo CUNDINAMARCA;SURTILIDER;690290
PACIFICO;Ejecutivo PACIFICO;DISTRIJAS CALI;942617
EJE CAFETERO;Ejecutivo EJE CAFETERO;SURTIALIADOS QUINDIO;918561
EJE CAFETERO;Ejecutivo EJE CAFETERO;MULTIVENTAS EJE;28834828
PACIFICO;Ejecutivo PACIFICO;MULTIVENTAS CALI;1526525
CUNDINAMARCA;Ejecutivo CUNDINAMARCA;SURTILIDER;1102900
ANTIOQUIA;Ejecutivo ANTIOQUIA;MAXTIENDAS TAT CAUCASIA;1830107
ORIENTE;Ejecutivo ORIENTE;PASTOR JULIO DELGADO BUCARAMANGA;1672751
LLANOS;Ejecutivo LLANOS;LA NIEVE DUITAMA;148757
COSTA 1;Ejecutivo COSTA 1;DISTRIABASTOS;2042856
CENTRO;Ejecutivo CENTRO;COMERCIAL FENIX S.A.S;763059
PACIFICO;Ejecutivo PACIFICO;DISTRIYA LTDA;1013133
CUNDINAMARCA;Ejecutivo CUNDINAMARCA;SURTILIDER;331988
COSTA 1;Ejecutivo COSTA 1;DISTRIABASTOS;18573969
ANTIOQUIA;Ejecutivo ANTIOQUIA;SERDISTAT S.A.S;1144306
CUNDINAMARCA;Ejecutivo CUNDINAMARCA;CCENECA COMERCIAL SAS;183657
COSTA 1;Ejecutivo COSTA 1;DISTRIBUIDORA CORRALITO DE PIEDRA S;696614
PACIFICO;Ejecutivo PACIFICO;GUSTAVO MUNOZ;15497852
ORIENTE;Ejecutivo ORIENTE;DISAM BUCARAMANGA;370099
CUNDINAMARCA;Ejecutivo CUNDINAMARCA;ZULUAGA Y SOTO;12397226
ANTIOQUIA;Ejecutivo ANTIOQUIA;ZONA 2;8322163
ANTIOQUIA;Ejecutivo ANTIOQUIA;MARCAS Y DISTRIBUCIONES SAS;2196636
PACIFICO;Ejecutivo PACIFICO;DISTRIJASS TULUA;1033537
EJE CAFETERO;Ejecutivo EJE CAFETERO;DISTRIJAS EJE;648488
PACIFICO;Ejecutivo PACIFICO;DISTRIYA LTDA;225455
ANTIOQUIA;Ejecutivo ANTIOQUIA;MARCAS Y DISTRIBUCIONES SAS;2230510
EJE CAFETERO;Ejecutivo EJE CAFETERO;BARACALDO;4321877
EJE CAFETERO;Ejecutivo EJE CAFETERO;CG ANDINA S.A.S;88964
ANTIOQUIA;Ejecutivo ANTIOQUIA;ZONA 2;5600722
ANTIOQUIA;Ejecutivo ANTIOQUIA;MARCAS Y DISTRIBUCIONES SAS;2729776
PACIFICO;Ejecutivo PACIFICO;DULCES Y DULCES;49055
LLANOS;Ejecutivo LLANOS;LA NIEVE VILLAVICENCIO;491399
CENTRO;Ejecutivo CENTRO;CIA DE DSIERRA SAS TOLIMA;526927
ANTIOQUIA;Ejecutivo ANTIOQUIA;ZONA 2;12241462
ORIENTE;Ejecutivo ORIENTE;DISAM BUCARAMANGA;1630538
CENTRO;Ejecutivo CENTRO;CIA DE DSIERRA SAS HUILA;141221
PACIFICO;Ejecutivo PACIFICO;MULTIVENTAS CALI;4105926
PACIFICO;Ejecutivo PACIFICO;CIA DE DSIERRA S A S VALLE;174700
CUNDINAMARCA;Ejecutivo CUNDINAMARCA;SURTILIDER;463022
PACIFICO;Ejecutivo PACIFICO;DISTRIJAS CALI;594830
EJE CAFETERO;Ejecutivo EJE CAFETERO;CG ANDINA S.A.S;5880849
PACIFICO;Ejecutivo PACIFICO;DISTRIYA LTDA;531823
ORIENTE;Ejecutivo ORIENTE;DISAM BUCARAMANGA;203812
EJE CAFETERO;Ejecutivo EJE CAFETERO;SURTIALIADOS;5120867
EJE CAFETERO;Ejecutivo EJE CAFETERO;SURTIALIADOS QUINDIO;4067941
CENTRO;Ejecutivo CENTRO;CIA DE DSIERRA SAS HUILA;789800
ANTIOQUIA;Ejecutivo ANTIOQUIA;SERDISTAT S.A.S;1911727
COSTA 1;Ejecutivo COSTA 1;DISTRIABASTOS;2532132
CUNDINAMARCA;Ejecutivo CUNDINAMARCA;ZULUAGA Y SOTO;2956645
ANTIOQUIA;Ejecutivo ANTIOQUIA;ZONA 2;5780409
ANTIOQUIA;Ejecutivo ANTIOQUIA;COMERC EPA S A S (APARTADO);4582693
COSTA 1;Ejecutivo COSTA 1;DISTRIABASTOS;3829503
PACIFICO;Ejecutivo PACIFICO;MULTIVENTAS CALI;30038708
COSTA 1;Ejecutivo COSTA 1;GRUPO LITORAL;2433845
CUNDINAMARCA;Ejecutivo CUNDINAMARCA;ZULUAGA Y SOTO;17876
ANTIOQUIA;Ejecutivo ANTIOQUIA;SERDISTAT S.A.S;600127
PACIFICO;Ejecutivo PACIFICO;GUSTAVO MUNOZ;17408587
PACIFICO;Ejecutivo PACIFICO;DISTRIJAS CALI;574847
CENTRO;Ejecutivo CENTRO;CIA DE DSIERRA SAS HUILA;230732
PACIFICO;Ejecutivo PACIFICO;DISTRIYA LTDA;107298
CUNDINAMARCA;Ejecutivo CUNDINAMARCA;SURTILIDER;449815
CUNDINAMARCA;Ejecutivo CUNDINAMARCA;CCENECA COMERCIAL SAS;845169
PACIFICO;Ejecutivo PACIFICO;DISTRIJASS BUENAVENTURA;1345800
PACIFICO;Ejecutivo PACIFICO;CIA DE DSIERRA S A S VALLE;966124
COSTA 2;Ejecutivo COSTA 2;SAN ISIDRO SANTA MARTA;4965118
ORIENTE;Ejecutivo ORIENTE;PASTOR JULIO DELGADO BUCARAMANGA;1424902
ANTIOQUIA;Ejecutivo ANTIOQUIA;ZONA 2;21064027
CUNDINAMARCA;Ejecutivo CUNDINAMARCA;SURTILIDER;988167
COSTA 1;Ejecutivo COSTA 1;DELTA CARTAGENA;3271269
CUNDINAMARCA;Ejecutivo CUNDINAMARCA;CCENECA COMERCIAL SAS;3259234
COSTA 2;Ejecutivo COSTA 2;SAN ISIDRO GUAJIRA;7973878
CUNDINAMARCA;Ejecutivo CUNDINAMARCA;SURTILIDER;1673709
CUNDINAMARCA;Ejecutivo CUNDINAMARCA;SURTILIDER;864491
ANTIOQUIA;Ejecutivo ANTIOQUIA;SERDISTAT S.A.S;68440
ANTIOQUIA;Ejecutivo ANTIOQUIA;SURTIVENTAS;381087
ORIENTE;Ejecutivo ORIENTE;DISAM BUCARAMANGA;769098
COSTA 2;Ejecutivo COSTA 2;SAN ISIDRO SANTA MARTA;5034348
ANTIOQUIA;Ejecutivo ANTIOQUIA;MARCAS Y DISTRIBUCIONES SAS;2266978
COSTA 1;Ejecutivo COSTA 1;DELTA CARTAGENA;1238450
COSTA 1;Ejecutivo COSTA 1;DELTA BARRANQUILLA;5659626
COSTA 1;Ejecutivo COSTA 1;DELTA CARTAGENA;2989105
COSTA 2;Ejecutivo COSTA 2;DISAM GUAJIRA;2758687
EJE CAFETERO;Ejecutivo EJE CAFETERO;BARACALDO;2502731
COSTA 2;Ejecutivo COSTA 2;DISAM GUAJIRA;3153682
CUNDINAMARCA;Ejecutivo CUNDINAMARCA;ZULUAGA Y SOTO;182461
CUNDINAMARCA;Ejecutivo CUNDINAMARCA;SURTILIDER;767783
CUNDINAMARCA;Ejecutivo CUNDINAMARCA;CCENECA COMERCIAL SAS;224292
ORIENTE;Ejecutivo ORIENTE;DISAM BUCARAMANGA;1677692
EJE CAFETERO;Ejecutivo EJE CAFETERO;CG ANDINA S.A.S;3993884
EJE CAFETERO;Ejecutivo EJE CAFETERO;CG ANDINA S.A.S;4712810
CENTRO;Ejecutivo CENTRO;CIA DE DSIERRA SAS HUILA;200133
PACIFICO;Ejecutivo PACIFICO;DISTRIJAS CALI;964513
PACIFICO;Ejecutivo PACIFICO;DISTRIJAS CALI;1675297
CUNDINAMARCA;Ejecutivo CUNDINAMARCA;SURTILIDER;879101
ANTIOQUIA;Ejecutivo ANTIOQUIA;ZONA 2;1821554
COSTA 2;Ejecutivo COSTA 2;DISAM SANTA MARTA;4181046
CUNDINAMARCA;Ejecutivo CUNDINAMARCA;ZULUAGA Y SOTO;3366
PACIFICO;Ejecutivo PACIFICO;DISTRIJAS CALI;475885
CUNDINAMARCA;Ejecutivo CUNDINAMARCA;CCENECA COMERCIAL SAS;318219
CUNDINAMARCA;Ejecutivo CUNDINAMARCA;SURTILIDER;1043829
ANTIOQUIA;Ejecutivo ANTIOQUIA;SURTIVENTAS;369231
EJE CAFETERO;Ejecutivo EJE CAFETERO;SURTIALIADOS QUINDIO;2711338
CUNDINAMARCA;Ejecutivo CUNDINAMARCA;ZULUAGA Y SOTO;164063
PACIFICO;Ejecutivo PACIFICO;DISTRIYA LTDA;1076772
CENTRO;Ejecutivo CENTRO;CIA DE DSIERRA SAS HUILA;1037704
LLANOS;Ejecutivo LLANOS;LA NIEVE SJG;3379526
CUNDINAMARCA;Ejecutivo CUNDINAMARCA;CCENECA COMERCIAL SAS;88210
ANTIOQUIA;Ejecutivo ANTIOQUIA;SERDISTAT S.A.S;1703047
LLANOS;Ejecutivo LLANOS;LA NIEVE DUITAMA;1729391
CUNDINAMARCA;Ejecutivo CUNDINAMARCA;ZULUAGA Y SOTO;1277479
CUNDINAMARCA;Ejecutivo CUNDINAMARCA;SURTILIDER;915873
CUNDINAMARCA;Ejecutivo CUNDINAMARCA;SURTILIDER;103396
ANTIOQUIA;Ejecutivo ANTIOQUIA;MARCAS Y DISTRIBUCIONES SAS;1636933
COSTA 2;Ejecutivo COSTA 2;DISAM VALLEDUPAR;94695
COSTA 1;Ejecutivo COSTA 1;GRUPO LITORAL;3994704
PACIFICO;Ejecutivo PACIFICO;GUSTAVO MUNOZ;1916034
CUNDINAMARCA;Ejecutivo CUNDINAMARCA;SURTILIDER;571113
PACIFICO;Ejecutivo PACIFICO;DISTRIJAS CALI;1179849
EJE CAFETERO;Ejecutivo EJE CAFETERO;SURTIALIADOS QUINDIO;1545219
ORIENTE;Ejecutivo ORIENTE;PASTOR JULIO DELGADO BUCARAMANGA;28297
CUNDINAMARCA;Ejecutivo CUNDINAMARCA;ZULUAGA Y SOTO;2236160
CUNDINAMARCA;Ejecutivo CUNDINAMARCA;SURTILIDER;492588
PACIFICO;Ejecutivo PACIFICO;DISTRIJAS CALI;390359
ANTIOQUIA;Ejecutivo ANTIOQUIA;SURTIVENTAS;568023
PACIFICO;Ejecutivo PACIFICO;DULCES Y DULCES;122243
ANTIOQUIA;Ejecutivo ANTIOQUIA;ZONA 2;19555795
CUNDINAMARCA;Ejecutivo CUNDINAMARCA;ZULUAGA Y SOTO;4541099
ORIENTE;Ejecutivo ORIENTE;PASTOR JULIO DELGADO BUCARAMANGA;1246695
CUNDINAMARCA;Ejecutivo CUNDINAMARCA;SURTILIDER;668225
COSTA 1;Ejecutivo COSTA 1;DELTA CARTAGENA;25986
COSTA 1;Ejecutivo COSTA 1;GRUPO LITORAL;2589668
COSTA 1;Ejecutivo COSTA 1;GRUPO LITORAL;1956148
ANTIOQUIA;Ejecutivo ANTIOQUIA;SERDISTAT S.A.S;1654872
EJE CAFETERO;Ejecutivo EJE CAFETERO;DISTRIJAS EJE;922542
CUNDINAMARCA;Ejecutivo CUNDINAMARCA;SURTILIDER;992157
COSTA 2;Ejecutivo COSTA 2;DISAM SANTA MARTA;1567240
COSTA 1;Ejecutivo COSTA 1;GRUPO LITORAL;2806621
EJE CAFETERO;Ejecutivo EJE CAFETERO;DISTRIJAS EJE;17450
PACIFICO;Ejecutivo PACIFICO;DISTRIJASS POPAYAN;2927170
PACIFICO;Ejecutivo PACIFICO;CIA DE DSIERRA S A S VALLE;2303467
ANTIOQUIA;Ejecutivo ANTIOQUIA;DISTRIYOL;1206206
ORIENTE;Ejecutivo ORIENTE;DISAM BUCARAMANGA;1986604
COSTA 1;Ejecutivo COSTA 1;DELTA BARRANQUILLA;5006362
PACIFICO;Ejecutivo PACIFICO;DISTRIJAS CALI;1155659
EJE CAFETERO;Ejecutivo EJE CAFETERO;SURTIALIADOS;3494102
PACIFICO;Ejecutivo PACIFICO;DISTRIYA LTDA;1131493
PACIFICO;Ejecutivo PACIFICO;DISTRIYA LTDA;659805
LLANOS;Ejecutivo LLANOS;LA NIEVE YOPAL;357051
ANTIOQUIA;Ejecutivo ANTIOQUIA;SERDISTAT S.A.S;3164151
CUNDINAMARCA;Ejecutivo CUNDINAMARCA;ZULUAGA Y SOTO;11128776
CENTRO;Ejecutivo CENTRO;CIA DE DSIERRA SAS HUILA;2527594
PACIFICO;Ejecutivo PACIFICO;CIA DE DSIERRA S A S VALLE;555526
PACIFICO;Ejecutivo PACIFICO;GUSTAVO MUNOZ;997976
EJE CAFETERO;Ejecutivo EJE CAFETERO;SURTIALIADOS;40690
PACIFICO;Ejecutivo PACIFICO;GUSTAVO MUNOZ;3452443
ORIENTE;Ejecutivo ORIENTE;PASTOR JULIO DELGADO CUCUTA;1110932
COSTA 1;Ejecutivo COSTA 1;DISTRIABASTOS;2028156
ANTIOQUIA;Ejecutivo ANTIOQUIA;ZONA 2;84740250
COSTA 2;Ejecutivo COSTA 2;SAN ISIDRO SANTA MARTA;951106
CUNDINAMARCA;Ejecutivo CUNDINAMARCA;CCENECA COMERCIAL SAS;62848
PACIFICO;Ejecutivo PACIFICO;DISTRIYA LTDA;357709
COSTA 2;Ejecutivo COSTA 2;DISAM GUAJIRA;3560138
COSTA 1;Ejecutivo COSTA 1;DELTA BARRANQUILLA;5792529
ANTIOQUIA;Ejecutivo ANTIOQUIA;SERDISTAT S.A.S;1245759
ORIENTE;Ejecutivo ORIENTE;DISAM BUCARAMANGA;542371
PACIFICO;Ejecutivo PACIFICO;DULCES Y DULCES;991702
CUNDINAMARCA;Ejecutivo CUNDINAMARCA;SURTILIDER;747474
COSTA 2;Ejecutivo COSTA 2;SANTANA;38370303
ANTIOQUIA;Ejecutivo ANTIOQUIA;SERDISTAT S.A.S;1239719
ANTIOQUIA;Ejecutivo ANTIOQUIA;EPA;4600029
ANTIOQUIA;Ejecutivo ANTIOQUIA;SERDISTAT S.A.S;2916294
EJE CAFETERO;Ejecutivo EJE CAFETERO;SURTIALIADOS;48256320
ORIENTE;Ejecutivo ORIENTE;DISAM BUCARAMANGA;1457628
CUNDINAMARCA;Ejecutivo CUNDINAMARCA;SURTILIDER;1005969
ANTIOQUIA;Ejecutivo ANTIOQUIA;SURTIVENTAS;798124
CUNDINAMARCA;Ejecutivo CUNDINAMARCA;ZULUAGA Y SOTO;1958094
COSTA 1;Ejecutivo COSTA 1;DELTA BARRANQUILLA;5408500
ANTIOQUIA;Ejecutivo ANTIOQUIA;ZONA 2;5226885
CUNDINAMARCA;Ejecutivo CUNDINAMARCA;CCENECA COMERCIAL SAS;2353387
LLANOS;Ejecutivo LLANOS;LA NIEVE VILLAVICENCIO;2342969
ORIENTE;Ejecutivo ORIENTE;PASTOR JULIO DELGADO CUCUTA;845418
CUNDINAMARCA;Ejecutivo CUNDINAMARCA;SURTILIDER;915402
COSTA 2;Ejecutivo COSTA 2;DISAM VALLEDUPAR;3625212
CUNDINAMARCA;Ejecutivo CUNDINAMARCA;CCENECA COMERCIAL SAS;113698
ORIENTE;Ejecutivo ORIENTE;PASTOR JULIO DELGADO CUCUTA;1491267
CUNDINAMARCA;Ejecutivo CUNDINAMARCA;SURTILIDER;887548
ANTIOQUIA;Ejecutivo ANTIOQUIA;ZONA 2;8590401
COSTA 1;Ejecutivo COSTA 1;GRUPO LITORAL;2853860
CUNDINAMARCA;Ejecutivo CUNDINAMARCA;SURTILIDER;16848
COSTA 1;Ejecutivo COSTA 1;DISTRIABASTOS;2467843
PACIFICO;Ejecutivo PACIFICO;GUSTAVO MUNOZ;3183982
ANTIOQUIA;Ejecutivo ANTIOQUIA;SURTIVENTAS;2047955
EJE CAFETERO;Ejecutivo EJE CAFETERO;CG ANDINA S.A.S;5965951
PACIFICO;Ejecutivo PACIFICO;DISTRIJAS CALI;448936
CUNDINAMARCA;Ejecutivo CUNDINAMARCA;CCENECA COMERCIAL SAS;1288769
EJE CAFETERO;Ejecutivo EJE CAFETERO;CG ANDINA S.A.S;5973748
CUNDINAMARCA;Ejecutivo CUNDINAMARCA;SURTILIDER;987207
PACIFICO;Ejecutivo PACIFICO;CIA DE DSIERRA S A S VALLE;252559
LLANOS;Ejecutivo LLANOS;LA NIEVE YOPAL;406745
CUNDINAMARCA;Ejecutivo CUNDINAMARCA;ZULUAGA Y SOTO;2698392
LLANOS;Ejecutivo LLANOS;LA NIEVE YOPAL;322808
CUNDINAMARCA;Ejecutivo CUNDINAMARCA;CCENECA COMERCIAL SAS;38601
CUNDINAMARCA;Ejecutivo CUNDINAMARCA;CCENECA COMERCIAL SAS;383358
EJE CAFETERO;Ejecutivo EJE CAFETERO;MULTIVENTAS EJE;32752798
COSTA 1;Ejecutivo COSTA 1;DELTA BARRANQUILLA;2731082
PACIFICO;Ejecutivo PACIFICO;GUSTAVO MUNOZ;979312
COSTA 2;Ejecutivo COSTA 2;SAN ISIDRO GUAJIRA;14911162
PACIFICO;Ejecutivo PACIFICO;DISTRIJAS CALI;1404289
EJE CAFETERO;Ejecutivo EJE CAFETERO;BARACALDO;6236292
LLANOS;Ejecutivo LLANOS;LA NIEVE VILLAVICENCIO;1949737
PACIFICO;Ejecutivo PACIFICO;DULCES Y DULCES;6057625
CUNDINAMARCA;Ejecutivo CUNDINAMARCA;CCENECA COMERCIAL SAS;210204
CENTRO;Ejecutivo CENTRO;CIA DE DSIERRA SAS TOLIMA;644092
ORIENTE;Ejecutivo ORIENTE;PASTOR JULIO DELGADO BUCARAMANGA;176741
COSTA 2;Ejecutivo COSTA 2;SAN ISIDRO SANTA MARTA;11262912
PACIFICO;Ejecutivo PACIFICO;DISTRIJAS CALI;1000334
LLANOS;Ejecutivo LLANOS;LA NIEVE VILLAVICENCIO;2213478
PACIFICO;Ejecutivo PACIFICO;DISTRIJAS CALI;1427578
PACIFICO;Ejecutivo PACIFICO;DISTRIJASS TULUA;634998
CUNDINAMARCA;Ejecutivo CUNDINAMARCA;CCENECA COMERCIAL SAS;1296535
CENTRO;Ejecutivo CENTRO;COMERCIAL FENIX S.A.S;182193
ANTIOQUIA;Ejecutivo ANTIOQUIA;SERDISTAT S.A.S;288448
ORIENTE;Ejecutivo ORIENTE;DISAM BARRANCABERMEJA;485687
CENTRO;Ejecutivo CENTRO;COMERCIAL FENIX S.A.S;1979902
CUNDINAMARCA;Ejecutivo CUNDINAMARCA;SURTILIDER;438941
ORIENTE;Ejecutivo ORIENTE;PASTOR JULIO DELGADO BUCARAMANGA;4577925
PACIFICO;Ejecutivo PACIFICO;DISTRIJASS POPAYAN;1300788
ANTIOQUIA;Ejecutivo ANTIOQUIA;COMERC EPA S A S (APARTADO);16363385
CENTRO;Ejecutivo CENTRO;CIA DE DSIERRA SAS TOLIMA;1378176
CENTRO;Ejecutivo CENTRO;CIA DE DSIERRA SAS HUILA;198111
ANTIOQUIA;Ejecutivo ANTIOQUIA;ZONA 2;6583049
ORIENTE;Ejecutivo ORIENTE;DISAM BARRANCABERMEJA;768898
EJE CAFETERO;Ejecutivo EJE CAFETERO;DISTRIJAS EJE;604179
PACIFICO;Ejecutivo PACIFICO;CIA DE DSIERRA S A S VALLE;313648
PACIFICO;Ejecutivo PACIFICO;DISTRIJAS CALI;1916782
ORIENTE;Ejecutivo ORIENTE;PASTOR JULIO DELGADO BUCARAMANGA;1153144
CUNDINAMARCA;Ejecutivo CUNDINAMARCA;SURTILIDER;856522
PACIFICO;Ejecutivo PACIFICO;DULCES Y DULCES;1247052
PACIFICO;Ejecutivo PACIFICO;GUSTAVO MUNOZ;697757
ANTIOQUIA;Ejecutivo ANTIOQUIA;ZONA 2;5255203
COSTA 1;Ejecutivo COSTA 1;GRUPO LITORAL;3995696
COSTA 2;Ejecutivo COSTA 2;DISAM SANTA MARTA;3139205
ANTIOQUIA;Ejecutivo ANTIOQUIA;SURTIVENTAS;469959
EJE CAFETERO;Ejecutivo EJE CAFETERO;DISTRIJAS EJE;657338
ANTIOQUIA;Ejecutivo ANTIOQUIA;SURTIVENTAS;1538368
LLANOS;Ejecutivo LLANOS;LA NIEVE VILLAVICENCIO;1424274
COSTA 2;Ejecutivo COSTA 2;DISAM GUAJIRA;5862456
EJE CAFETERO;Ejecutivo EJE CAFETERO;DISTRIJAS EJE;1005419
ANTIOQUIA;Ejecutivo ANTIOQUIA;ZONA 2;6602076
CUNDINAMARCA;Ejecutivo CUNDINAMARCA;ZULUAGA Y SOTO;1521946
COSTA 2;Ejecutivo COSTA 2;DISAM VALLEDUPAR;1479530
